prompt,seed,text_d_chroma,blk23_max_d_chroma,scorable,text_layout_r,blk23_layout_r,text_lpips,blk23_lpips,text_dino_cos,blk23_dino_cos
C2_rally,2718281,5.553,6.653,1,0.7207,0.8422,0.5301,0.4113,0.8486,0.8734
C2_rally,4669201,5.539,8.797,1,0.8036,0.8407,0.4803,0.4226,0.8743,0.9012
C3_fox,2718281,5.787,5.247,0,0.7354,,0.5115,,0.9684,
C3_fox,4669201,4.114,5.604,1,0.39,0.8753,0.6455,0.392,0.9604,0.9792
C4_stilllife,2718281,7.001,3.042,0,0.7378,,0.5544,,0.9075,
C4_stilllife,4669201,6.327,2.869,0,0.839,,0.5118,,0.8926,
E1_cartoon,2718281,9.822,1.641,0,0.4358,,0.5922,,0.8854,
E1_cartoon,4669201,10.443,5.239,0,0.5443,,0.533,,0.954,
E3_oil,2718281,9.305,3.779,0,0.8491,,0.3984,,0.9328,
E3_oil,4669201,10.508,2.186,0,0.8043,,0.4577,,0.9373,
E7_sepiaphoto,2718281,2.183,5.178,1,0.837,0.9748,0.2259,0.1246,0.9579,0.9662
E7_sepiaphoto,4669201,1.773,3.847,1,0.8751,0.957,0.304,0.1508,0.923,0.9541
P3_archerforest,3141592,1.149,1.375,1,0.9087,0.9048,0.2514,0.249,0.9716,0.9702
P3_archerforest,4669201,0.901,1.398,1,0.8841,0.9043,0.2539,0.2241,0.9726,0.9802
P4_selfie,1618033,5.42,3.941,0,0.8883,,0.2389,,0.9483,
P4_selfie,4669201,6.627,4.109,0,0.7712,,0.3624,,0.9026,
