unit,group,q1,q2,note
E1_cartoon_seed2718281,up,testo,si,""
E1_cartoon_seed2718281,down,blk23,si,""
E1_cartoon_seed4669201,up,testo,si,""
E1_cartoon_seed4669201,down,testo,si,""
E3_oil_seed2718281,up,blk23,si,""
E3_oil_seed2718281,down,testo,si,""
E3_oil_seed4669201,up,testo,si,""
E3_oil_seed4669201,down,testo,si,""
E7_sepiaphoto_seed2718281,up,pari,si,"blk23 in questo caso sembra aver superato la saturazione dettata dal testo, colorando di più l'immagine."
E7_sepiaphoto_seed2718281,down,pari,si,""
E7_sepiaphoto_seed4669201,up,pari,si,"In queste versioni fotografiche blk23 sembra colorare con una forza maggiore del testo."
E7_sepiaphoto_seed4669201,down,pari,si,""
C2_rally_seed2718281,up,pari,si,""
C2_rally_seed2718281,down,testo,inparte,"Qui la saturazione è scesa, ma davvero di poco."
C2_rally_seed4669201,up,pari,si,""
C2_rally_seed4669201,down,testo,inparte,"Anche qui, l'effetto è molto leggero."
C3_fox_seed2718281,up,testo,si,""
C3_fox_seed2718281,down,testo,inparte,"Sembra che in negativo si aggiunga anche una sfumatura e i colori scendono molto meno di quanto cresca la ""sfumatura""."
C3_fox_seed4669201,up,testo,si,""
C3_fox_seed4669201,down,testo,inparte,"Anche qui, funziona, i colori in generale si stanno riducendo, ma si sta anche sfocando."
C4_stilllife_seed2718281,up,testo,si,""
C4_stilllife_seed2718281,down,testo,inparte,"La direzione è giusta, ma c'è anche un po' di sfocatura."
C4_stilllife_seed4669201,up,testo,si,""
C4_stilllife_seed4669201,down,testo,inparte,"Anche qui, sta cominciando a sfocare, ma la saturazione sta scendendo."
P3_archerforest_seed3141592,up,testo,si,""
P3_archerforest_seed3141592,down,pari,si,""
P3_archerforest_seed4669201,up,blk23,si,""
P3_archerforest_seed4669201,down,testo,si,""
P4_selfie_seed1618033,up,pari,si,""
P4_selfie_seed1618033,down,testo,inparte,"l'incarnato sta desaturando più velocemente dello sfondo o del liquido verde - sembra che stia diventando più ""verdognola""."
P4_selfie_seed4669201,up,testo,si,""
P4_selfie_seed4669201,down,testo,inparte,"Anche qui, i colori diminuiscono, ma non con la linearità che ci si aspetta, sta diventando verdastra."
