prompt,seed,cond,d_chroma,layout_r
C2_rally,2718281,b23_m0.150,2.6841,0.8772
C2_rally,2718281,b23_m0.300,4.4062,0.8551
C2_rally,2718281,b23_m0.450,6.6531,0.8298
C2_rally,2718281,b23_p0.150,-2.2576,0.8766
C2_rally,2718281,b23_p0.300,-3.5869,0.8361
C2_rally,2718281,baseline,0.0,1.0
C2_rally,2718281,txtneg,-5.802,0.7184
C2_rally,2718281,txtpos,5.5535,0.7207
C2_rally,4669201,b23_m0.150,3.8454,0.8691
C2_rally,4669201,b23_m0.300,7.4532,0.8085
C2_rally,4669201,b23_m0.450,8.7974,0.7438
C2_rally,4669201,b23_p0.150,-2.3617,0.8829
C2_rally,4669201,b23_p0.300,-3.8879,0.8434
C2_rally,4669201,baseline,0.0,1.0
C2_rally,4669201,txtneg,-8.5822,0.5533
C2_rally,4669201,txtpos,5.5391,0.8036
C3_fox,2718281,b23_m0.150,2.0875,0.816
C3_fox,2718281,b23_m0.300,4.0347,0.8007
C3_fox,2718281,b23_m0.450,5.2474,0.7682
C3_fox,2718281,b23_p0.150,-2.2924,0.9072
C3_fox,2718281,b23_p0.300,-3.2841,0.7809
C3_fox,2718281,baseline,0.0,1.0
C3_fox,2718281,txtneg,-5.9547,0.3334
C3_fox,2718281,txtpos,5.7871,0.7354
C3_fox,4669201,b23_m0.150,2.2059,0.9157
C3_fox,4669201,b23_m0.300,4.0801,0.8757
C3_fox,4669201,b23_m0.450,5.604,0.8555
C3_fox,4669201,b23_p0.150,-2.6655,0.9411
C3_fox,4669201,b23_p0.300,-3.9109,0.8644
C3_fox,4669201,baseline,0.0,1.0
C3_fox,4669201,txtneg,-6.8624,0.3948
C3_fox,4669201,txtpos,4.1138,0.39
C4_stilllife,2718281,b23_m0.150,1.4872,0.9701
C4_stilllife,2718281,b23_m0.300,2.9754,0.9125
C4_stilllife,2718281,b23_m0.450,3.0415,0.8906
C4_stilllife,2718281,b23_p0.150,-1.115,0.9742
C4_stilllife,2718281,b23_p0.300,-1.6738,0.9455
C4_stilllife,2718281,baseline,0.0,1.0
C4_stilllife,2718281,txtneg,-4.6538,0.8202
C4_stilllife,2718281,txtpos,7.0013,0.7378
C4_stilllife,4669201,b23_m0.150,1.3475,0.9504
C4_stilllife,4669201,b23_m0.300,2.3712,0.9226
C4_stilllife,4669201,b23_m0.450,2.8693,0.896
C4_stilllife,4669201,b23_p0.150,-0.9893,0.9259
C4_stilllife,4669201,b23_p0.300,-1.1839,0.9181
C4_stilllife,4669201,baseline,0.0,1.0
C4_stilllife,4669201,txtneg,-6.1931,0.8216
C4_stilllife,4669201,txtpos,6.3269,0.839
E1_cartoon,2718281,b23_m0.150,0.7811,0.8469
E1_cartoon,2718281,b23_m0.300,1.2894,0.7963
E1_cartoon,2718281,b23_m0.450,1.6415,0.7712
E1_cartoon,2718281,b23_p0.150,-0.6895,0.9083
E1_cartoon,2718281,b23_p0.300,-2.5059,0.828
E1_cartoon,2718281,baseline,0.0,1.0
E1_cartoon,2718281,txtneg,-2.1005,0.8157
E1_cartoon,2718281,txtpos,9.8224,0.4358
E1_cartoon,4669201,b23_m0.150,2.7027,0.9128
E1_cartoon,4669201,b23_m0.300,4.6891,0.9175
E1_cartoon,4669201,b23_m0.450,5.2385,0.874
E1_cartoon,4669201,b23_p0.150,-2.0409,0.9116
E1_cartoon,4669201,b23_p0.300,-2.7994,0.8961
E1_cartoon,4669201,baseline,0.0,1.0
E1_cartoon,4669201,txtneg,-2.5649,0.615
E1_cartoon,4669201,txtpos,10.4434,0.5443
E3_oil,2718281,b23_m0.150,1.724,0.9493
E3_oil,2718281,b23_m0.300,2.9961,0.9279
E3_oil,2718281,b23_m0.450,3.7791,0.8833
E3_oil,2718281,b23_p0.150,-3.0,0.9475
E3_oil,2718281,b23_p0.300,-5.4393,0.8813
E3_oil,2718281,baseline,0.0,1.0
E3_oil,2718281,txtneg,-5.6425,0.8092
E3_oil,2718281,txtpos,9.305,0.8491
E3_oil,4669201,b23_m0.150,1.3127,0.9525
E3_oil,4669201,b23_m0.300,2.0675,0.9305
E3_oil,4669201,b23_m0.450,2.1863,0.9135
E3_oil,4669201,b23_p0.150,-2.308,0.9691
E3_oil,4669201,b23_p0.300,-3.4653,0.9448
E3_oil,4669201,baseline,0.0,1.0
E3_oil,4669201,txtneg,-3.398,0.8165
E3_oil,4669201,txtpos,10.5076,0.8043
E7_sepiaphoto,2718281,b23_m0.150,2.016,0.9779
E7_sepiaphoto,2718281,b23_m0.300,4.4071,0.933
E7_sepiaphoto,2718281,b23_m0.450,5.1775,0.8726
E7_sepiaphoto,2718281,b23_p0.150,-1.2475,0.9041
E7_sepiaphoto,2718281,b23_p0.300,-1.5234,0.7856
E7_sepiaphoto,2718281,baseline,0.0,1.0
E7_sepiaphoto,2718281,txtneg,-4.4929,0.8232
E7_sepiaphoto,2718281,txtpos,2.1832,0.837
E7_sepiaphoto,4669201,b23_m0.150,2.1372,0.9482
E7_sepiaphoto,4669201,b23_m0.300,3.7599,0.878
E7_sepiaphoto,4669201,b23_m0.450,3.847,0.8626
E7_sepiaphoto,4669201,b23_p0.150,-1.6217,0.9303
E7_sepiaphoto,4669201,b23_p0.300,-1.5093,0.8444
E7_sepiaphoto,4669201,baseline,0.0,1.0
E7_sepiaphoto,4669201,txtneg,-2.8333,0.7963
E7_sepiaphoto,4669201,txtpos,1.7734,0.8751
P3_archerforest,3141592,b23_m0.150,0.7002,0.9398
P3_archerforest,3141592,b23_m0.300,1.0617,0.9138
P3_archerforest,3141592,b23_m0.450,1.3754,0.8814
P3_archerforest,3141592,b23_p0.150,-1.5284,0.9335
P3_archerforest,3141592,b23_p0.300,-3.4795,0.8396
P3_archerforest,3141592,baseline,0.0,1.0
P3_archerforest,3141592,txtneg,-3.6905,0.808
P3_archerforest,3141592,txtpos,1.1487,0.9087
P3_archerforest,4669201,b23_m0.150,0.8823,0.9072
P3_archerforest,4669201,b23_m0.300,1.2504,0.8499
P3_archerforest,4669201,b23_m0.450,1.3977,0.8289
P3_archerforest,4669201,b23_p0.150,-1.6571,0.8692
P3_archerforest,4669201,b23_p0.300,-3.5049,0.7106
P3_archerforest,4669201,baseline,0.0,1.0
P3_archerforest,4669201,txtneg,-3.5908,0.783
P3_archerforest,4669201,txtpos,0.9011,0.8841
P4_selfie,1618033,b23_m0.150,1.2998,0.9345
P4_selfie,1618033,b23_m0.300,2.8691,0.946
P4_selfie,1618033,b23_m0.450,3.941,0.9368
P4_selfie,1618033,b23_p0.150,-1.4404,0.965
P4_selfie,1618033,b23_p0.300,-2.8843,0.9037
P4_selfie,1618033,baseline,0.0,1.0
P4_selfie,1618033,txtneg,-9.4961,0.8188
P4_selfie,1618033,txtpos,5.4204,0.8883
P4_selfie,4669201,b23_m0.150,1.7259,0.9691
P4_selfie,4669201,b23_m0.300,3.2487,0.9535
P4_selfie,4669201,b23_m0.450,4.109,0.9338
P4_selfie,4669201,b23_p0.150,-1.3487,0.9652
P4_selfie,4669201,b23_p0.300,-2.5016,0.9215
P4_selfie,4669201,baseline,0.0,1.0
P4_selfie,4669201,txtneg,-7.8942,0.772
P4_selfie,4669201,txtpos,6.6271,0.7712
