block,attn.wq.fro,attn.wq.sigma1,attn.wq.stable_rank,attn.wk.fro,attn.wk.sigma1,attn.wk.stable_rank,attn.wv.fro,attn.wv.sigma1,attn.wv.stable_rank,attn.wo.fro,attn.wo.sigma1,attn.wo.stable_rank,attn.gate.fro,attn.gate.sigma1,attn.gate.stable_rank,mlp.up.fro,mlp.up.sigma1,mlp.up.stable_rank,mlp.gate.fro,mlp.gate.sigma1,mlp.gate.stable_rank,mlp.down.fro,mlp.down.sigma1,mlp.down.stable_rank,attn.qknorm.qnorm.scale.mean,attn.qknorm.qnorm.scale.sd,attn.qknorm.knorm.scale.mean,attn.qknorm.knorm.scale.sd,prenorm.scale.mean,prenorm.scale.sd,postnorm.scale.mean,postnorm.scale.sd,mod.lin.chunk0.norm,mod.lin.chunk1.norm,mod.lin.chunk2.norm,mod.lin.chunk3.norm,mod.lin.chunk4.norm,mod.lin.chunk5.norm,attn_write_proxy,mlp_write_proxy
0,157.636,84.88563,3.449,133.15845,83.09909,2.568,107.34707,18.82659,32.511,183.91803,18.15918,102.578,175.54256,59.72688,8.638,235.80846,28.47494,68.579,219.8306,76.87457,8.177,301.02042,30.86876,95.094,0.930607,4.534193,0.885213,4.538223,-0.487997,0.191509,-0.321863,0.213673,35.47948,8.32847,21.46889,25.14321,1.77879,26.30396,341.87544,2373.02265
1,174.66898,48.90589,12.756,120.97242,43.04488,7.898,145.69771,15.53086,88.006,304.57114,25.69054,140.55,222.64478,57.45293,15.018,387.12833,26.32186,216.31,412.66931,66.75356,38.217,441.27698,25.6385,296.236,0.211543,0.255092,0.214301,0.218623,-0.01858,0.254969,0.045216,0.292673,18.19547,2.17092,23.88396,20.33094,1.21467,15.76043,398.99618,1711.46115
2,258.26123,42.37685,37.142,163.54944,27.97259,34.185,170.27151,17.33773,96.449,307.43353,23.43225,172.137,262.0137,50.59709,26.816,402.86362,23.89274,284.305,431.22531,74.74281,33.287,452.1326,23.75512,362.257,0.362983,0.167874,0.363873,0.143998,0.130971,0.265162,0.055238,0.303217,20.56768,1.8171,15.36774,20.0503,1.11674,14.38811,406.26202,1775.52442
3,254.88606,43.24902,34.733,159.27351,30.66739,26.973,174.81195,17.39793,100.959,316.77399,24.99861,160.571,274.24481,60.27079,20.704,423.42285,24.08112,309.168,451.22968,79.34248,32.343,465.68619,23.28866,399.851,0.335621,0.125268,0.326584,0.119691,0.091529,0.241411,0.022634,0.280143,17.11503,1.70512,11.89915,17.13616,1.11931,12.18292,434.92407,1847.78004
4,262.00861,43.22036,36.75,163.19696,29.45881,30.69,178.44089,15.60365,130.779,322.71683,21.992,215.335,276.14401,58.01141,22.659,436.4212,23.20456,353.725,464.87943,83.03193,31.347,476.31839,24.58824,375.267,0.341659,0.149502,0.325816,0.191536,0.042795,0.230906,0.005141,0.271697,14.91832,1.87674,10.24573,15.7414,1.12753,10.25941,343.15547,2041.60902
5,276.4845,39.01805,50.212,169.70836,24.40066,48.373,182.39861,15.07831,146.332,326.39673,22.98911,201.58,288.45374,58.72838,24.124,450.46344,21.85187,424.954,478.14581,86.68711,30.424,485.33801,25.36444,366.132,0.310578,0.112648,0.305527,0.122356,0.039941,0.222315,0.003759,0.263827,13.57593,1.93441,8.61758,14.40474,1.14436,9.64387,346.63693,2198.77
6,277.06381,42.09936,43.312,171.76164,30.21563,32.314,187.25002,15.17549,152.25,333.0047,23.65208,198.227,287.72031,52.61067,29.908,459.27322,23.04866,397.055,483.27945,87.72582,30.349,491.49225,28.44224,298.611,0.382813,0.145333,0.380679,0.135882,-0.002732,0.206306,-0.020382,0.253242,11.42013,1.82656,8.2604,12.89586,1.13464,9.26071,358.9319,2495.11883
7,288.82758,42.74815,45.65,177.22441,28.49565,38.68,191.09828,17.77393,115.597,341.14221,23.46188,211.42,293.57993,48.02142,37.375,473.81961,24.2671,381.233,494.83435,96.33307,26.386,501.44797,29.25974,293.705,0.385156,0.131751,0.380287,0.122404,0.018644,0.211904,-0.027591,0.246492,12.20695,1.71062,7.57098,12.08524,1.1528,10.19658,417.00981,2818.68058
8,298.55688,42.04721,50.417,181.2822,28.6197,40.122,196.77544,16.6202,140.175,349.18314,23.39588,222.755,298.07922,41.12743,52.529,488.51807,26.31048,344.75,507.42242,113.47314,19.996,514.41925,35.07823,215.06,0.402927,0.151512,0.400935,0.134414,0.006841,0.207085,-0.026824,0.246004,11.8983,1.81886,8.33877,12.13914,1.26249,13.18252,388.8442,3980.4369
9,303.79727,44.28032,47.07,184.4371,28.19108,42.803,200.84914,14.65606,187.804,355.86893,25.09563,201.087,298.85132,35.64049,70.311,498.85684,28.63432,303.514,510.79471,129.63774,15.525,523.94189,37.79152,192.211,0.415847,0.146666,0.404699,0.166923,0.024021,0.217024,-0.02214,0.242765,14.81282,2.01499,11.45833,13.5511,1.62195,20.03266,367.80306,4899.20724
10,287.91461,51.73352,30.973,180.9968,32.75063,30.542,196.5168,13.43019,214.109,344.51001,26.09762,174.262,279.59344,26.27125,113.264,475.44421,43.75813,118.054,474.06314,94.57516,25.126,521.38177,30.52564,291.731,0.463358,0.210731,0.450367,0.221425,0.049293,0.242323,-0.0796,0.207007,21.69176,2.45062,16.21723,16.26812,1.78806,24.40346,350.496,2886.96729
11,274.05829,35.11744,60.903,168.96596,25.9096,42.528,190.71957,15.59827,149.499,319.91214,22.92859,194.674,284.87759,33.96841,70.334,502.79422,30.07764,279.443,510.79471,79.98374,40.784,515.29724,27.55721,349.659,0.463754,0.186617,0.441339,0.22233,0.040062,0.1693,-0.028757,0.207566,16.08902,2.58725,16.36192,13.39828,1.85323,28.41523,357.64634,2204.12872
12,257.44388,38.72294,44.201,161.1064,30.55173,27.807,197.12492,17.36945,128.799,325.67145,20.26591,258.242,267.11844,29.07759,84.39,482.58124,33.57917,206.539,486.15771,68.80161,49.929,492.31073,26.31807,349.921,0.614391,0.148526,0.598987,0.160802,-0.005486,0.181828,-0.045678,0.18813,16.04748,2.55068,19.46015,14.11176,1.77436,28.61576,352.00771,1810.72559
13,274.42615,38.10273,51.873,168.53806,26.58312,40.196,196.48235,21.99168,79.823,318.37946,21.89515,211.443,266.84702,28.90223,85.244,474.23425,34.68382,186.953,471.44324,61.77071,58.25,477.42725,25.20008,358.931,0.540499,0.181359,0.526092,0.165549,0.033583,0.168673,-0.034626,0.17889,16.50607,2.4377,23.87838,14.11802,1.73109,29.33329,481.51113,1556.62683
14,262.40155,41.63234,39.726,161.94511,28.64978,31.952,200.5894,19.07314,110.604,323.79724,21.46159,227.626,254.40538,27.30221,86.827,455.24719,37.01519,151.264,447.13565,56.9459,61.653,459.13699,26.43319,301.707,0.662977,0.161341,0.651933,0.136818,0.024689,0.167116,-0.045353,0.17678,15.62087,2.27053,26.48305,14.14616,1.65098,28.33189,409.33991,1505.26179
15,262.89526,44.68528,34.613,163.39937,30.19776,29.279,200.85776,21.61595,86.343,317.58963,22.42104,200.642,241.64738,26.93335,80.498,449.53226,38.84116,133.948,436.2691,53.27056,67.071,451.72415,24.89549,329.234,0.634987,0.187991,0.618247,0.151882,0.034245,0.18483,-0.047485,0.173875,16.88537,2.184,29.95127,13.93087,1.86632,28.90437,484.65208,1326.19669
16,246.24783,38.96104,39.947,158.05766,31.75942,24.768,203.63991,17.12409,141.42,322.45663,22.14729,211.983,236.58675,29.35561,64.953,439.23343,38.94788,127.181,422.17841,53.8965,61.358,433.16605,27.22923,253.069,0.585959,0.157785,0.559194,0.163049,0.055222,0.186374,-0.060144,0.164578,18.11365,2.39685,27.25156,13.97092,1.7041,27.30708,379.25219,1467.56019
17,256.59363,38.29857,44.888,164.6485,31.91221,26.62,202.6976,19.81348,104.659,312.27423,24.45974,162.993,238.33093,28.60153,69.436,450.71176,38.4613,137.325,429.78882,56.73808,57.38,439.10074,26.84025,267.643,0.575402,0.149501,0.555727,0.116997,0.079848,0.168043,-0.062882,0.157398,16.8981,2.40826,33.67444,13.70856,1.78384,33.64571,484.63257,1522.86425
18,274.55008,40.32932,46.345,169.83733,32.36319,27.54,204.98531,17.44514,138.069,321.64481,21.73549,218.985,239.31194,31.2109,58.792,445.15393,39.79444,125.134,418.95645,49.6049,71.333,439.20163,25.04513,307.526,0.665076,0.141401,0.65427,0.127279,0.056094,0.152017,-0.063181,0.156163,15.36575,2.50389,40.05899,13.59979,2.21424,31.67851,379.17867,1242.36117
19,253.08203,40.67577,38.712,161.6741,30.26887,28.529,211.48375,16.81047,158.268,322.03989,20.53826,245.862,223.23027,28.23735,62.497,445.55838,38.39256,134.684,414.96588,48.57811,72.97,428.59442,24.36051,309.542,0.702382,0.199699,0.685207,0.142266,0.103615,0.178082,-0.058435,0.152323,19.45176,3.02755,40.28114,13.2812,2.24694,33.55986,345.2578,1183.38753
20,262.16415,43.54222,36.251,162.85107,27.74689,34.447,201.67067,20.06462,101.024,307.50266,24.18104,161.714,221.17531,31.81462,48.33,434.82867,37.60653,133.693,403.04755,46.92303,73.78,413.96051,25.51616,263.201,0.712198,0.213754,0.703049,0.163564,0.123887,0.153174,-0.057588,0.156099,18.33798,3.3314,46.3714,13.3212,2.36873,35.77732,485.18338,1197.29554
21,252.1107,36.76449,47.025,160.63959,25.74749,38.926,201.32993,17.661,129.953,291.81985,23.45704,154.769,227.75702,24.89605,83.692,428.74451,36.4338,138.48,393.8436,43.54318,81.81,406.81857,24.80076,269.074,0.574888,0.186546,0.567697,0.123223,0.125461,0.181688,-0.055503,0.179752,20.12871,3.17291,54.19454,14.45683,2.95995,34.41861,414.27478,1079.90396
22,218.58783,33.70545,42.058,145.51825,25.84363,31.705,198.96179,16.18236,151.167,290.7449,22.03371,174.12,200.4624,28.16306,50.665,412.76654,37.00831,124.397,374.04016,42.91849,75.953,390.24283,23.73976,270.22,0.629172,0.27153,0.632854,0.139997,0.17937,0.191406,-0.073443,0.197833,24.16478,3.49865,46.06871,15.39895,2.78738,33.37919,356.55743,1018.87465
23,229.70192,37.35499,37.812,151.51486,26.85093,31.841,201.72432,21.33874,89.367,280.46396,22.02123,162.208,191.64386,27.71258,47.823,402.88013,34.99674,132.525,368.66901,45.79762,64.802,366.19226,26.21479,195.131,0.632619,0.207441,0.631833,0.132806,0.118975,0.201107,-0.047564,0.183229,22.13296,3.6163,64.86858,14.55927,2.77971,36.75541,469.9053,1200.57499
24,216.77029,35.2009,37.922,142.77623,25.15837,32.207,203.33406,17.69318,132.071,279.85294,24.83938,126.934,186.33972,27.24766,46.768,396.26028,34.86611,129.168,358.42184,46.46307,59.508,352.28284,25.32876,193.444,0.641233,0.236798,0.6309,0.189246,0.228166,0.197215,-0.016798,0.214419,27.54617,4.09026,64.37445,17.76558,3.22847,41.54068,439.48762,1176.85195
25,174.00977,33.18295,27.499,124.15965,28.34539,19.187,194.39268,20.52468,89.703,263.2424,23.35506,127.043,151.4651,26.33175,33.088,378.8978,36.52336,107.622,341.17151,46.02844,54.941,321.51547,27.16862,140.045,0.630523,0.268004,0.624384,0.17203,0.271958,0.206335,-0.007981,0.240014,30.86961,5.17793,64.71834,20.19083,6.52547,56.09016,479.35513,1250.5292
26,152.36176,30.70189,24.628,110.56291,26.81358,17.002,150.98917,18.3053,68.036,189.42973,36.81542,26.475,128.52411,31.07861,17.102,354.4791,32.24497,120.853,315.0759,41.42942,57.838,262.28131,27.62137,90.166,0.650464,0.425494,0.656425,0.400907,0.235139,0.188072,0.041025,0.294092,24.18232,8.95552,54.91965,26.52717,5.70168,79.35719,673.91731,1144.33734
27,100.54244,27.92122,12.967,84.99641,26.45331,10.324,149.2493,25.6663,33.814,178.51974,49.20816,13.161,106.5183,26.47647,16.186,281.53644,28.77435,95.732,244.65196,33.96906,51.872,117.74239,28.12247,17.529,0.267997,0.254463,0.279689,0.23518,0.024038,0.261765,-0.131542,0.328064,21.8546,6.98904,51.22348,27.22022,5.86606,13.70605,1262.9914,955.29387
