prompt,block,sign,size,breadth
F4_closeup,0,neg,5.8078,12.0266
F4_closeup,0,pos,5.4299,10.9318
F4_closeup,1,neg,1.8313,10.3595
F4_closeup,1,pos,5.7637,10.5027
F4_closeup,2,neg,4.6569,10.9242
F4_closeup,2,pos,5.1162,11.4831
F4_closeup,3,neg,2.86,11.7538
F4_closeup,3,pos,5.9842,14.1205
F4_closeup,4,neg,3.9368,11.7319
F4_closeup,4,pos,4.1303,8.6944
F4_closeup,5,neg,1.6997,13.0984
F4_closeup,5,pos,4.3076,10.1961
F4_closeup,6,neg,3.1371,9.8583
F4_closeup,6,pos,7.1199,14.1491
F4_closeup,7,neg,1.7131,6.1803
F4_closeup,7,pos,5.2035,9.8831
F4_closeup,8,neg,4.0488,8.9619
F4_closeup,8,pos,1.776,11.6983
F4_closeup,9,neg,3.2628,12.7764
F4_closeup,9,pos,2.9621,6.7019
F4_closeup,10,neg,3.5749,11.9885
F4_closeup,10,pos,5.3526,8.9323
F4_closeup,11,neg,1.6836,8.1051
F4_closeup,11,pos,4.2299,8.5028
F4_closeup,12,neg,4.9676,8.8554
F4_closeup,12,pos,4.4078,9.8574
F4_closeup,13,neg,3.0909,8.6875
F4_closeup,13,pos,3.7058,9.786
F4_closeup,14,neg,3.9198,14.266
F4_closeup,14,pos,4.6607,9.6281
F4_closeup,15,neg,2.0536,12.3912
F4_closeup,15,pos,8.6076,8.4894
F4_closeup,16,neg,2.2064,14.1616
F4_closeup,16,pos,8.5953,11.4009
F4_closeup,17,neg,4.4726,10.8618
F4_closeup,17,pos,3.5546,3.2705
F4_closeup,18,neg,4.4403,13.1584
F4_closeup,18,pos,6.1537,8.3273
F4_closeup,19,neg,1.5638,7.1862
F4_closeup,19,pos,4.9669,10.961
F4_closeup,20,neg,4.8071,9.4886
F4_closeup,20,pos,3.8359,4.2402
F4_closeup,21,neg,2.2043,9.8474
F4_closeup,21,pos,7.0373,14.0561
F4_closeup,22,neg,3.9994,6.4296
F4_closeup,22,pos,4.2879,12.4182
F4_closeup,23,neg,3.1527,11.5661
F4_closeup,23,pos,3.4176,3.9095
F4_closeup,24,neg,3.084,16.4087
F4_closeup,24,pos,2.9303,14.0964
F4_closeup,25,neg,1.843,7.6277
F4_closeup,25,pos,5.4745,16.8314
F4_closeup,26,neg,5.244,5.6687
F4_closeup,26,pos,12.6116,16.0757
F4_closeup,27,neg,7.1956,13.0093
F4_closeup,27,pos,12.7798,18.121
P01_blacksmith,0,neg,5.8137,7.3927
P01_blacksmith,0,pos,5.7046,11.2378
P01_blacksmith,1,neg,2.2566,6.3552
P01_blacksmith,1,pos,3.957,8.149
P01_blacksmith,2,neg,1.8096,6.0415
P01_blacksmith,2,pos,2.315,3.3005
P01_blacksmith,3,neg,1.1966,5.2859
P01_blacksmith,3,pos,2.0733,11.3664
P01_blacksmith,4,neg,1.5878,6.8565
P01_blacksmith,4,pos,2.6728,4.5431
P01_blacksmith,5,neg,0.7944,8.549
P01_blacksmith,5,pos,1.3884,3.9825
P01_blacksmith,6,neg,1.8406,7.7192
P01_blacksmith,6,pos,2.5761,4.5433
P01_blacksmith,7,neg,1.0419,8.4302
P01_blacksmith,7,pos,3.6003,3.2903
P01_blacksmith,8,neg,1.2728,8.1027
P01_blacksmith,8,pos,1.122,6.8276
P01_blacksmith,9,neg,3.6157,3.3171
P01_blacksmith,9,pos,2.5324,3.3588
P01_blacksmith,10,neg,1.492,5.4165
P01_blacksmith,10,pos,3.9566,6.6609
P01_blacksmith,11,neg,2.482,10.1599
P01_blacksmith,11,pos,2.3742,7.9149
P01_blacksmith,12,neg,1.1167,5.99
P01_blacksmith,12,pos,3.2498,6.8151
P01_blacksmith,13,neg,1.4223,9.0165
P01_blacksmith,13,pos,3.3397,9.3021
P01_blacksmith,14,neg,1.1819,3.628
P01_blacksmith,14,pos,3.6249,4.3723
P01_blacksmith,15,neg,1.5389,12.0268
P01_blacksmith,15,pos,3.9477,4.2025
P01_blacksmith,16,neg,2.129,11.2435
P01_blacksmith,16,pos,4.9213,3.8136
P01_blacksmith,17,neg,2.5905,8.1388
P01_blacksmith,17,pos,4.3554,11.9004
P01_blacksmith,18,neg,1.8599,6.8129
P01_blacksmith,18,pos,4.1916,10.4468
P01_blacksmith,19,neg,1.6007,8.4359
P01_blacksmith,19,pos,4.9143,10.9147
P01_blacksmith,20,neg,3.5771,4.1194
P01_blacksmith,20,pos,4.8586,6.2053
P01_blacksmith,21,neg,1.5193,10.5442
P01_blacksmith,21,pos,3.8735,6.8572
P01_blacksmith,22,neg,1.6686,6.7777
P01_blacksmith,22,pos,4.7665,10.5657
P01_blacksmith,23,neg,2.9318,6.4327
P01_blacksmith,23,pos,5.0155,9.9498
P01_blacksmith,24,neg,1.8661,10.5965
P01_blacksmith,24,pos,2.14,6.7668
P01_blacksmith,25,neg,2.4118,10.1712
P01_blacksmith,25,pos,5.0815,12.9884
P01_blacksmith,26,neg,2.445,8.8894
P01_blacksmith,26,pos,11.7277,15.3255
P01_blacksmith,27,neg,7.0172,12.8603
P01_blacksmith,27,pos,11.5563,15.9338
S1_rally,0,neg,4.6284,9.8289
S1_rally,0,pos,7.0585,6.1031
S1_rally,1,neg,3.1851,9.0092
S1_rally,1,pos,3.0654,16.0712
S1_rally,2,neg,1.3412,4.1218
S1_rally,2,pos,1.7943,8.2966
S1_rally,3,neg,3.9308,6.1435
S1_rally,3,pos,1.8884,8.0627
S1_rally,4,neg,2.8725,3.5951
S1_rally,4,pos,3.0395,5.7058
S1_rally,5,neg,2.7561,2.3024
S1_rally,5,pos,3.1983,6.7288
S1_rally,6,neg,2.6461,3.6887
S1_rally,6,pos,1.4553,6.5262
S1_rally,7,neg,1.281,4.515
S1_rally,7,pos,1.4865,7.3058
S1_rally,8,neg,1.4842,8.6634
S1_rally,8,pos,3.5551,6.3961
S1_rally,9,neg,3.156,7.5519
S1_rally,9,pos,3.2994,3.7877
S1_rally,10,neg,2.9449,4.7435
S1_rally,10,pos,4.0731,7.3856
S1_rally,11,neg,1.9244,7.3698
S1_rally,11,pos,4.2898,7.0571
S1_rally,12,neg,3.4759,3.5873
S1_rally,12,pos,3.2577,7.783
S1_rally,13,neg,3.0541,7.6963
S1_rally,13,pos,3.3266,3.8924
S1_rally,14,neg,3.2701,5.3451
S1_rally,14,pos,2.6578,2.5156
S1_rally,15,neg,3.2453,6.8055
S1_rally,15,pos,2.874,3.7534
S1_rally,16,neg,3.4483,10.6584
S1_rally,16,pos,3.2216,5.2474
S1_rally,17,neg,3.1849,4.9262
S1_rally,17,pos,2.9863,5.8222
S1_rally,18,neg,1.7147,9.0937
S1_rally,18,pos,3.0713,7.452
S1_rally,19,neg,1.6568,6.4538
S1_rally,19,pos,4.0801,8.9108
S1_rally,20,neg,5.3559,4.6838
S1_rally,20,pos,2.735,3.4935
S1_rally,21,neg,3.5005,8.5937
S1_rally,21,pos,2.8961,6.5228
S1_rally,22,neg,3.2122,3.9642
S1_rally,22,pos,3.4273,8.5178
S1_rally,23,neg,3.4983,6.6676
S1_rally,23,pos,4.3022,14.9647
S1_rally,24,neg,3.5429,5.2547
S1_rally,24,pos,1.6126,7.0437
S1_rally,25,neg,3.6201,4.9099
S1_rally,25,pos,3.9725,9.4277
S1_rally,26,neg,4.162,7.8811
S1_rally,26,pos,9.5912,11.5639
S1_rally,27,neg,11.3058,7.546
S1_rally,27,pos,11.6029,9.09
