bench,prompt,block,dose,d_chroma,layout_r,dE
styles,C1_blacksmith,blk00,-0.25,2.32,0.683,12.21
styles,C1_blacksmith,blk00,0.3,-3.57,0.834,9.05
styles,C1_blacksmith,blk01,-0.4,-0.48,0.783,10.21
styles,C1_blacksmith,blk01,0.3,-0.46,0.75,10.42
styles,C1_blacksmith,blk02,-0.45,1.09,0.9,6.02
styles,C1_blacksmith,blk02,0.45,0.12,0.712,11.0
styles,C1_blacksmith,blk03,-0.45,0.97,0.906,6.25
styles,C1_blacksmith,blk03,0.4,-0.36,0.649,11.9
styles,C1_blacksmith,blk04,-0.45,-0.09,0.76,8.51
styles,C1_blacksmith,blk04,0.45,1.54,0.842,9.13
styles,C1_blacksmith,blk05,-0.45,0.36,0.886,7.31
styles,C1_blacksmith,blk05,0.45,0.93,0.504,14.29
styles,C1_blacksmith,blk06,-0.45,-0.56,0.803,8.31
styles,C1_blacksmith,blk06,0.45,2.17,0.621,14.01
styles,C1_blacksmith,blk07,-0.45,-0.43,0.885,6.71
styles,C1_blacksmith,blk07,0.45,2.45,0.586,12.95
styles,C1_blacksmith,blk08,-0.45,-0.49,0.667,10.94
styles,C1_blacksmith,blk08,0.45,3.04,0.696,13.95
styles,C1_blacksmith,blk09,-0.45,1.24,0.636,11.44
styles,C1_blacksmith,blk09,0.45,1.12,0.584,14.13
styles,C1_blacksmith,blk10,-0.45,-0.27,0.776,9.1
styles,C1_blacksmith,blk10,0.45,4.03,0.59,14.19
styles,C1_blacksmith,blk11,-0.45,1.68,0.825,9.71
styles,C1_blacksmith,blk11,0.45,3.48,0.663,13.96
styles,C1_blacksmith,blk12,-0.45,1.41,0.742,9.49
styles,C1_blacksmith,blk12,0.4,2.01,0.666,12.79
styles,C1_blacksmith,blk13,-0.45,1.09,0.797,8.96
styles,C1_blacksmith,blk13,0.4,0.35,0.518,14.36
styles,C1_blacksmith,blk14,-0.45,2.3,0.692,10.95
styles,C1_blacksmith,blk14,0.4,2.31,0.609,13.41
styles,C1_blacksmith,blk15,-0.45,-0.41,0.876,6.76
styles,C1_blacksmith,blk15,0.4,3.67,0.571,14.8
styles,C1_blacksmith,blk16,-0.45,-0.78,0.751,8.84
styles,C1_blacksmith,blk16,0.3,1.57,0.578,14.46
styles,C1_blacksmith,blk17,-0.45,0.85,0.721,10.14
styles,C1_blacksmith,blk17,0.4,0.81,0.607,13.15
styles,C1_blacksmith,blk18,-0.45,2.85,0.844,9.86
styles,C1_blacksmith,blk18,0.3,-0.86,0.773,9.59
styles,C1_blacksmith,blk19,-0.45,-1.05,0.839,8.47
styles,C1_blacksmith,blk19,0.25,3.03,0.776,10.95
styles,C1_blacksmith,blk20,-0.45,0.18,0.835,7.33
styles,C1_blacksmith,blk20,0.45,5.33,0.73,14.74
styles,C1_blacksmith,blk21,-0.45,0.7,0.874,7.2
styles,C1_blacksmith,blk21,0.25,3.31,0.865,8.46
styles,C1_blacksmith,blk22,-0.45,4.55,0.868,10.51
styles,C1_blacksmith,blk22,0.25,1.29,0.858,8.3
styles,C1_blacksmith,blk23,-0.3,3.71,0.814,10.06
styles,C1_blacksmith,blk23,0.3,-1.83,0.901,6.92
styles,C1_blacksmith,blk24,-0.45,0.7,0.876,7.11
styles,C1_blacksmith,blk24,0.25,0.48,0.902,6.3
styles,C1_blacksmith,blk25,-0.45,0.02,0.887,6.76
styles,C1_blacksmith,blk25,0.25,0.68,0.858,8.11
styles,C1_blacksmith,blk26,-0.25,-0.39,0.871,6.69
styles,C1_blacksmith,blk26,0.15,0.74,0.835,8.85
styles,C1_blacksmith,blk27,-0.25,1.43,0.841,11.26
styles,C1_blacksmith,blk27,0.15,-1.05,0.932,9.42
styles,C2_rally,blk00,-0.25,2.81,0.755,18.36
styles,C2_rally,blk00,0.3,-1.04,0.719,16.8
styles,C2_rally,blk01,-0.4,2.05,0.734,17.31
styles,C2_rally,blk01,0.3,3.69,0.606,25.7
styles,C2_rally,blk02,-0.45,3.59,0.742,19.31
styles,C2_rally,blk02,0.45,5.42,0.656,22.66
styles,C2_rally,blk03,-0.45,1.81,0.761,17.2
styles,C2_rally,blk03,0.4,5.52,0.678,24.68
styles,C2_rally,blk04,-0.45,0.35,0.751,16.35
styles,C2_rally,blk04,0.45,4.35,0.681,22.79
styles,C2_rally,blk05,-0.45,-0.25,0.722,16.13
styles,C2_rally,blk05,0.45,0.2,0.554,22.11
styles,C2_rally,blk06,-0.45,-1.01,0.725,15.98
styles,C2_rally,blk06,0.45,0.77,0.602,22.1
styles,C2_rally,blk07,-0.45,2.73,0.777,17.25
styles,C2_rally,blk07,0.45,0.7,0.636,19.89
styles,C2_rally,blk08,-0.45,-1.37,0.762,15.04
styles,C2_rally,blk08,0.45,4.86,0.684,22.59
styles,C2_rally,blk09,-0.45,0.92,0.656,20.22
styles,C2_rally,blk09,0.45,3.97,0.541,23.27
styles,C2_rally,blk10,-0.45,1.7,0.632,21.12
styles,C2_rally,blk10,0.45,3.75,0.646,22.41
styles,C2_rally,blk11,-0.45,3.79,0.713,19.26
styles,C2_rally,blk11,0.45,6.1,0.665,23.7
styles,C2_rally,blk12,-0.45,-0.12,0.742,16.38
styles,C2_rally,blk12,0.4,2.02,0.623,20.58
styles,C2_rally,blk13,-0.45,2.59,0.77,18.82
styles,C2_rally,blk13,0.4,7.8,0.541,26.83
styles,C2_rally,blk14,-0.45,0.2,0.77,14.62
styles,C2_rally,blk14,0.4,2.19,0.712,21.37
styles,C2_rally,blk15,-0.45,0.87,0.809,14.35
styles,C2_rally,blk15,0.4,7.09,0.627,24.47
styles,C2_rally,blk16,-0.45,1.13,0.805,14.13
styles,C2_rally,blk16,0.3,7.92,0.721,22.24
styles,C2_rally,blk17,-0.45,5.15,0.77,17.57
styles,C2_rally,blk17,0.4,4.49,0.675,22.66
styles,C2_rally,blk18,-0.45,2.32,0.765,17.86
styles,C2_rally,blk18,0.3,2.4,0.711,19.42
styles,C2_rally,blk19,-0.45,-0.23,0.798,13.71
styles,C2_rally,blk19,0.25,3.02,0.623,19.99
styles,C2_rally,blk20,-0.45,1.4,0.785,15.17
styles,C2_rally,blk20,0.45,9.04,0.769,20.92
styles,C2_rally,blk21,-0.45,4.04,0.806,15.71
styles,C2_rally,blk21,0.25,4.3,0.79,17.35
styles,C2_rally,blk22,-0.45,2.14,0.825,13.37
styles,C2_rally,blk22,0.25,0.68,0.778,16.26
styles,C2_rally,blk23,-0.3,4.41,0.855,13.63
styles,C2_rally,blk23,0.3,-3.59,0.836,13.01
styles,C2_rally,blk24,-0.45,7.5,0.731,21.28
styles,C2_rally,blk24,0.25,0.51,0.83,13.23
styles,C2_rally,blk25,-0.45,1.46,0.828,12.9
styles,C2_rally,blk25,0.25,-0.7,0.879,11.81
styles,C2_rally,blk26,-0.25,0.77,0.876,10.87
styles,C2_rally,blk26,0.15,-0.25,0.853,11.77
styles,C2_rally,blk27,-0.25,4.84,0.858,16.43
styles,C2_rally,blk27,0.15,-2.9,0.793,13.8
styles,C3_fox,blk00,-0.25,-0.09,0.634,18.81
styles,C3_fox,blk00,0.3,1.09,0.545,18.72
styles,C3_fox,blk01,-0.4,1.69,0.681,18.11
styles,C3_fox,blk01,0.3,2.23,0.636,23.54
styles,C3_fox,blk02,-0.45,2.78,0.735,14.86
styles,C3_fox,blk02,0.45,1.03,0.329,27.77
styles,C3_fox,blk03,-0.45,2.65,0.749,14.7
styles,C3_fox,blk03,0.4,-0.64,0.716,17.87
styles,C3_fox,blk04,-0.45,1.96,0.728,14.23
styles,C3_fox,blk04,0.45,-1.13,0.548,19.8
styles,C3_fox,blk05,-0.45,1.23,0.809,12.06
styles,C3_fox,blk05,0.45,-1.69,0.649,17.96
styles,C3_fox,blk06,-0.45,1.88,0.745,15.71
styles,C3_fox,blk06,0.45,-1.96,0.549,18.89
styles,C3_fox,blk07,-0.45,2.11,0.571,19.32
styles,C3_fox,blk07,0.45,-0.11,0.154,25.06
styles,C3_fox,blk08,-0.45,-1.64,0.517,18.69
styles,C3_fox,blk08,0.45,1.84,0.449,24.96
styles,C3_fox,blk09,-0.45,1.18,0.668,18.27
styles,C3_fox,blk09,0.45,1.55,0.531,21.71
styles,C3_fox,blk10,-0.45,-0.72,0.67,16.81
styles,C3_fox,blk10,0.45,0.97,0.262,31.36
styles,C3_fox,blk11,-0.45,1.36,0.673,18.4
styles,C3_fox,blk11,0.45,-0.02,0.229,30.57
styles,C3_fox,blk12,-0.45,0.18,0.659,17.26
styles,C3_fox,blk12,0.4,-1.79,0.503,26.52
styles,C3_fox,blk13,-0.45,1.32,0.758,15.36
styles,C3_fox,blk13,0.4,-2.39,0.211,34.54
styles,C3_fox,blk14,-0.45,-0.35,0.691,17.12
styles,C3_fox,blk14,0.4,-2.02,0.373,29.88
styles,C3_fox,blk15,-0.45,-2.45,0.683,16.96
styles,C3_fox,blk15,0.4,4.47,0.248,28.37
styles,C3_fox,blk16,-0.45,-0.79,0.759,14.33
styles,C3_fox,blk16,0.3,-0.63,0.555,22.24
styles,C3_fox,blk17,-0.45,1.55,0.662,19.89
styles,C3_fox,blk17,0.4,-0.47,0.545,23.68
styles,C3_fox,blk18,-0.45,-0.47,0.721,16.75
styles,C3_fox,blk18,0.3,1.29,0.606,19.14
styles,C3_fox,blk19,-0.45,-1.2,0.807,12.3
styles,C3_fox,blk19,0.25,3.21,0.638,21.05
styles,C3_fox,blk20,-0.45,-1.02,0.611,18.7
styles,C3_fox,blk20,0.45,5.0,0.616,21.45
styles,C3_fox,blk21,-0.45,0.56,0.769,13.81
styles,C3_fox,blk21,0.25,3.48,0.78,15.4
styles,C3_fox,blk22,-0.45,0.69,0.711,15.79
styles,C3_fox,blk22,0.25,3.98,0.815,15.07
styles,C3_fox,blk23,-0.3,4.03,0.801,13.35
styles,C3_fox,blk23,0.3,-3.28,0.781,13.49
styles,C3_fox,blk24,-0.45,4.31,0.709,20.94
styles,C3_fox,blk24,0.25,0.95,0.844,11.12
styles,C3_fox,blk25,-0.45,-0.77,0.852,10.47
styles,C3_fox,blk25,0.25,0.2,0.839,11.37
styles,C3_fox,blk26,-0.25,-0.09,0.849,10.07
styles,C3_fox,blk26,0.15,-0.09,0.818,11.39
styles,C3_fox,blk27,-0.25,2.58,0.83,18.76
styles,C3_fox,blk27,0.15,-1.54,0.878,13.65
styles,C4_stilllife,blk00,-0.25,-1.57,0.906,8.8
styles,C4_stilllife,blk00,0.3,2.93,0.861,10.78
styles,C4_stilllife,blk01,-0.4,0.97,0.901,8.39
styles,C4_stilllife,blk01,0.3,-0.71,0.774,14.19
styles,C4_stilllife,blk02,-0.45,0.75,0.951,4.38
styles,C4_stilllife,blk02,0.45,-0.62,0.781,16.84
styles,C4_stilllife,blk03,-0.45,0.56,0.912,6.3
styles,C4_stilllife,blk03,0.4,1.36,0.778,16.37
styles,C4_stilllife,blk04,-0.45,0.23,0.903,7.4
styles,C4_stilllife,blk04,0.45,-3.37,0.789,13.85
styles,C4_stilllife,blk05,-0.45,0.72,0.767,13.58
styles,C4_stilllife,blk05,0.45,-0.95,0.774,14.3
styles,C4_stilllife,blk06,-0.45,0.52,0.798,10.46
styles,C4_stilllife,blk06,0.45,-0.17,0.812,11.82
styles,C4_stilllife,blk07,-0.45,-0.31,0.84,11.07
styles,C4_stilllife,blk07,0.45,-1.23,0.703,14.64
styles,C4_stilllife,blk08,-0.45,-1.64,0.785,12.06
styles,C4_stilllife,blk08,0.45,2.22,0.71,16.54
styles,C4_stilllife,blk09,-0.45,-1.23,0.817,13.27
styles,C4_stilllife,blk09,0.45,-1.15,0.69,13.4
styles,C4_stilllife,blk10,-0.45,-1.41,0.868,11.12
styles,C4_stilllife,blk10,0.45,1.72,0.793,13.91
styles,C4_stilllife,blk11,-0.45,0.54,0.893,8.78
styles,C4_stilllife,blk11,0.45,1.67,0.642,17.22
styles,C4_stilllife,blk12,-0.45,-0.7,0.895,7.11
styles,C4_stilllife,blk12,0.4,3.62,0.571,16.78
styles,C4_stilllife,blk13,-0.45,-0.76,0.848,9.4
styles,C4_stilllife,blk13,0.4,4.78,0.747,14.75
styles,C4_stilllife,blk14,-0.45,-0.48,0.899,8.09
styles,C4_stilllife,blk14,0.4,3.08,0.782,15.13
styles,C4_stilllife,blk15,-0.45,-1.56,0.79,11.43
styles,C4_stilllife,blk15,0.4,5.96,0.81,15.02
styles,C4_stilllife,blk16,-0.45,1.05,0.882,9.28
styles,C4_stilllife,blk16,0.3,2.53,0.834,12.82
styles,C4_stilllife,blk17,-0.45,-0.11,0.903,7.85
styles,C4_stilllife,blk17,0.4,0.32,0.725,14.43
styles,C4_stilllife,blk18,-0.45,0.97,0.847,10.64
styles,C4_stilllife,blk18,0.3,1.31,0.829,12.06
styles,C4_stilllife,blk19,-0.45,4.83,0.953,8.53
styles,C4_stilllife,blk19,0.25,2.22,0.796,11.81
styles,C4_stilllife,blk20,-0.45,2.45,0.948,7.21
styles,C4_stilllife,blk20,0.45,4.2,0.827,11.43
styles,C4_stilllife,blk21,-0.45,1.14,0.916,7.57
styles,C4_stilllife,blk21,0.25,3.2,0.801,12.05
styles,C4_stilllife,blk22,-0.45,2.31,0.917,8.19
styles,C4_stilllife,blk22,0.25,2.84,0.904,9.02
styles,C4_stilllife,blk23,-0.3,2.98,0.912,7.62
styles,C4_stilllife,blk23,0.3,-1.67,0.946,5.56
styles,C4_stilllife,blk24,-0.45,1.81,0.873,10.47
styles,C4_stilllife,blk24,0.25,2.37,0.952,6.08
styles,C4_stilllife,blk25,-0.45,0.16,0.973,3.8
styles,C4_stilllife,blk25,0.25,2.86,0.945,8.45
styles,C4_stilllife,blk26,-0.25,1.37,0.953,4.8
styles,C4_stilllife,blk26,0.15,-0.65,0.953,6.26
styles,C4_stilllife,blk27,-0.25,5.2,0.936,14.26
styles,C4_stilllife,blk27,0.15,-2.62,0.944,12.28
styles,E1_cartoon,blk00,-0.25,3.13,0.746,17.36
styles,E1_cartoon,blk00,0.3,7.73,0.6,17.98
styles,E1_cartoon,blk01,-0.4,1.6,0.67,16.99
styles,E1_cartoon,blk01,0.3,4.0,0.67,15.39
styles,E1_cartoon,blk02,-0.45,0.9,0.75,12.42
styles,E1_cartoon,blk02,0.45,1.34,0.693,15.41
styles,E1_cartoon,blk03,-0.45,0.31,0.62,13.0
styles,E1_cartoon,blk03,0.4,6.45,0.704,21.38
styles,E1_cartoon,blk04,-0.45,0.75,0.67,11.82
styles,E1_cartoon,blk04,0.45,1.09,0.68,13.22
styles,E1_cartoon,blk05,-0.45,1.71,0.779,11.17
styles,E1_cartoon,blk05,0.45,6.17,0.608,18.44
styles,E1_cartoon,blk06,-0.45,1.21,0.71,10.72
styles,E1_cartoon,blk06,0.45,7.86,0.524,26.59
styles,E1_cartoon,blk07,-0.45,2.14,0.775,13.21
styles,E1_cartoon,blk07,0.45,-0.69,0.505,19.75
styles,E1_cartoon,blk08,-0.45,1.47,0.765,14.15
styles,E1_cartoon,blk08,0.45,-0.27,0.619,15.73
styles,E1_cartoon,blk09,-0.45,-0.16,0.733,11.33
styles,E1_cartoon,blk09,0.45,0.03,0.59,17.76
styles,E1_cartoon,blk10,-0.45,0.93,0.7,14.31
styles,E1_cartoon,blk10,0.45,3.58,0.445,23.94
styles,E1_cartoon,blk11,-0.45,-0.18,0.731,12.12
styles,E1_cartoon,blk11,0.45,1.3,0.444,19.91
styles,E1_cartoon,blk12,-0.45,1.02,0.786,10.74
styles,E1_cartoon,blk12,0.4,0.51,0.576,17.71
styles,E1_cartoon,blk13,-0.45,1.46,0.782,9.79
styles,E1_cartoon,blk13,0.4,2.56,0.542,22.41
styles,E1_cartoon,blk14,-0.45,0.31,0.659,11.77
styles,E1_cartoon,blk14,0.4,7.06,0.639,23.87
styles,E1_cartoon,blk15,-0.45,0.62,0.816,9.49
styles,E1_cartoon,blk15,0.4,4.53,0.626,15.73
styles,E1_cartoon,blk16,-0.45,5.55,0.781,18.67
styles,E1_cartoon,blk16,0.3,2.59,0.733,14.83
styles,E1_cartoon,blk17,-0.45,0.07,0.733,12.13
styles,E1_cartoon,blk17,0.4,2.51,0.535,21.88
styles,E1_cartoon,blk18,-0.45,1.8,0.617,15.7
styles,E1_cartoon,blk18,0.3,0.83,0.755,14.89
styles,E1_cartoon,blk19,-0.45,1.06,0.818,8.69
styles,E1_cartoon,blk19,0.25,1.2,0.696,13.55
styles,E1_cartoon,blk20,-0.45,0.18,0.789,10.19
styles,E1_cartoon,blk20,0.45,9.85,0.664,21.29
styles,E1_cartoon,blk21,-0.45,0.92,0.757,11.85
styles,E1_cartoon,blk21,0.25,3.09,0.852,10.75
styles,E1_cartoon,blk22,-0.45,3.09,0.792,11.04
styles,E1_cartoon,blk22,0.25,2.14,0.859,9.93
styles,E1_cartoon,blk23,-0.3,1.29,0.796,8.1
styles,E1_cartoon,blk23,0.3,-2.51,0.828,8.15
styles,E1_cartoon,blk24,-0.45,1.74,0.811,11.01
styles,E1_cartoon,blk24,0.25,1.16,0.889,7.86
styles,E1_cartoon,blk25,-0.45,0.52,0.893,7.12
styles,E1_cartoon,blk25,0.25,-0.24,0.879,8.44
styles,E1_cartoon,blk26,-0.25,-0.36,0.859,8.42
styles,E1_cartoon,blk26,0.15,-1.17,0.816,10.26
styles,E1_cartoon,blk27,-0.25,1.21,0.852,9.12
styles,E1_cartoon,blk27,0.15,-1.7,0.866,10.76
styles,E2_watercolor,blk00,-0.25,-0.9,0.751,14.14
styles,E2_watercolor,blk00,0.3,4.13,0.717,17.03
styles,E2_watercolor,blk01,-0.4,-1.14,0.859,9.01
styles,E2_watercolor,blk01,0.3,5.1,0.78,15.81
styles,E2_watercolor,blk02,-0.45,-1.22,0.846,9.46
styles,E2_watercolor,blk02,0.45,0.62,0.634,18.75
styles,E2_watercolor,blk03,-0.45,0.5,0.737,14.12
styles,E2_watercolor,blk03,0.4,-0.48,0.577,17.02
styles,E2_watercolor,blk04,-0.45,0.8,0.825,8.86
styles,E2_watercolor,blk04,0.45,-1.38,0.762,14.37
styles,E2_watercolor,blk05,-0.45,-0.39,0.803,11.84
styles,E2_watercolor,blk05,0.45,-0.9,0.638,15.96
styles,E2_watercolor,blk06,-0.45,-2.03,0.754,12.25
styles,E2_watercolor,blk06,0.45,2.62,0.728,17.25
styles,E2_watercolor,blk07,-0.45,-0.55,0.835,9.3
styles,E2_watercolor,blk07,0.45,-0.67,0.385,22.29
styles,E2_watercolor,blk08,-0.45,0.34,0.77,11.59
styles,E2_watercolor,blk08,0.45,-2.11,0.309,23.12
styles,E2_watercolor,blk09,-0.45,-1.92,0.807,10.6
styles,E2_watercolor,blk09,0.45,-1.44,0.17,25.47
styles,E2_watercolor,blk10,-0.45,-2.34,0.73,12.19
styles,E2_watercolor,blk10,0.45,-2.75,0.441,30.5
styles,E2_watercolor,blk11,-0.45,-2.18,0.722,14.73
styles,E2_watercolor,blk11,0.45,-0.77,0.518,18.35
styles,E2_watercolor,blk12,-0.45,0.62,0.625,16.15
styles,E2_watercolor,blk12,0.4,-0.23,0.557,19.76
styles,E2_watercolor,blk13,-0.45,0.12,0.678,13.31
styles,E2_watercolor,blk13,0.4,-1.75,0.639,18.81
styles,E2_watercolor,blk14,-0.45,-1.67,0.809,9.73
styles,E2_watercolor,blk14,0.4,0.01,0.764,14.81
styles,E2_watercolor,blk15,-0.45,0.73,0.859,9.62
styles,E2_watercolor,blk15,0.4,-1.07,0.764,15.08
styles,E2_watercolor,blk16,-0.45,-1.02,0.777,12.79
styles,E2_watercolor,blk16,0.3,-0.71,0.84,10.39
styles,E2_watercolor,blk17,-0.45,-1.15,0.742,12.97
styles,E2_watercolor,blk17,0.4,-2.41,0.603,22.22
styles,E2_watercolor,blk18,-0.45,-1.33,0.734,14.78
styles,E2_watercolor,blk18,0.3,0.98,0.682,15.66
styles,E2_watercolor,blk19,-0.45,-0.23,0.883,9.33
styles,E2_watercolor,blk19,0.25,-0.35,0.568,18.78
styles,E2_watercolor,blk20,-0.45,-0.32,0.865,9.71
styles,E2_watercolor,blk20,0.45,5.27,0.64,19.86
styles,E2_watercolor,blk21,-0.45,2.34,0.751,13.78
styles,E2_watercolor,blk21,0.25,4.32,0.865,13.26
styles,E2_watercolor,blk22,-0.45,9.23,0.893,15.23
styles,E2_watercolor,blk22,0.25,-1.35,0.849,10.3
styles,E2_watercolor,blk23,-0.3,4.23,0.884,9.33
styles,E2_watercolor,blk23,0.3,-5.46,0.826,11.28
styles,E2_watercolor,blk24,-0.45,5.11,0.818,13.66
styles,E2_watercolor,blk24,0.25,2.11,0.937,8.04
styles,E2_watercolor,blk25,-0.45,1.69,0.914,7.89
styles,E2_watercolor,blk25,0.25,0.41,0.871,8.39
styles,E2_watercolor,blk26,-0.25,-0.49,0.886,7.74
styles,E2_watercolor,blk26,0.15,0.02,0.866,11.71
styles,E2_watercolor,blk27,-0.25,2.39,0.903,13.29
styles,E2_watercolor,blk27,0.15,-2.77,0.872,14.76
styles,E3_oil,blk00,-0.25,-0.91,0.876,10.39
styles,E3_oil,blk00,0.3,-0.09,0.758,16.92
styles,E3_oil,blk01,-0.4,2.24,0.824,13.63
styles,E3_oil,blk01,0.3,4.81,0.796,19.6
styles,E3_oil,blk02,-0.45,0.4,0.778,13.15
styles,E3_oil,blk02,0.45,2.52,0.714,17.79
styles,E3_oil,blk03,-0.45,2.28,0.793,13.34
styles,E3_oil,blk03,0.4,4.82,0.797,17.34
styles,E3_oil,blk04,-0.45,0.61,0.838,11.05
styles,E3_oil,blk04,0.45,0.44,0.819,15.36
styles,E3_oil,blk05,-0.45,0.32,0.83,11.94
styles,E3_oil,blk05,0.45,1.98,0.751,18.32
styles,E3_oil,blk06,-0.45,-0.83,0.88,11.78
styles,E3_oil,blk06,0.45,6.14,0.724,18.91
styles,E3_oil,blk07,-0.45,0.28,0.814,12.55
styles,E3_oil,blk07,0.45,3.99,0.667,18.58
styles,E3_oil,blk08,-0.45,1.87,0.886,9.66
styles,E3_oil,blk08,0.45,-1.19,0.72,16.99
styles,E3_oil,blk09,-0.45,-0.46,0.79,13.12
styles,E3_oil,blk09,0.45,-0.45,0.624,18.77
styles,E3_oil,blk10,-0.45,0.92,0.708,17.19
styles,E3_oil,blk10,0.45,-0.0,0.542,24.34
styles,E3_oil,blk11,-0.45,-0.65,0.768,14.33
styles,E3_oil,blk11,0.45,-0.41,0.567,19.69
styles,E3_oil,blk12,-0.45,0.37,0.843,12.19
styles,E3_oil,blk12,0.4,2.5,0.709,18.31
styles,E3_oil,blk13,-0.45,2.84,0.852,11.85
styles,E3_oil,blk13,0.4,0.36,0.693,17.44
styles,E3_oil,blk14,-0.45,-1.33,0.885,9.63
styles,E3_oil,blk14,0.4,2.0,0.626,19.5
styles,E3_oil,blk15,-0.45,-1.52,0.877,10.09
styles,E3_oil,blk15,0.4,1.71,0.761,15.15
styles,E3_oil,blk16,-0.45,-0.72,0.908,8.41
styles,E3_oil,blk16,0.3,1.9,0.753,15.69
styles,E3_oil,blk17,-0.45,2.89,0.739,14.33
styles,E3_oil,blk17,0.4,0.52,0.614,20.66
styles,E3_oil,blk18,-0.45,2.44,0.793,13.7
styles,E3_oil,blk18,0.3,5.32,0.802,15.9
styles,E3_oil,blk19,-0.45,0.67,0.688,15.5
styles,E3_oil,blk19,0.25,1.92,0.848,12.13
styles,E3_oil,blk20,-0.45,1.98,0.788,12.65
styles,E3_oil,blk20,0.45,4.91,0.735,18.22
styles,E3_oil,blk21,-0.45,-0.36,0.882,10.87
styles,E3_oil,blk21,0.25,4.12,0.903,11.24
styles,E3_oil,blk22,-0.45,2.3,0.832,13.91
styles,E3_oil,blk22,0.25,0.33,0.904,10.36
styles,E3_oil,blk23,-0.3,3.0,0.928,8.18
styles,E3_oil,blk23,0.3,-5.44,0.881,10.42
styles,E3_oil,blk24,-0.45,2.69,0.913,9.79
styles,E3_oil,blk24,0.25,0.34,0.923,7.78
styles,E3_oil,blk25,-0.45,0.86,0.933,7.52
styles,E3_oil,blk25,0.25,0.95,0.929,7.17
styles,E3_oil,blk26,-0.25,-0.35,0.931,6.79
styles,E3_oil,blk26,0.15,0.46,0.916,8.69
styles,E3_oil,blk27,-0.25,1.38,0.935,11.76
styles,E3_oil,blk27,0.15,-0.98,0.949,9.36
styles,E4_colorpencil,blk00,-0.25,1.15,0.678,12.23
styles,E4_colorpencil,blk00,0.3,3.78,0.607,15.0
styles,E4_colorpencil,blk01,-0.4,-0.97,0.827,10.87
styles,E4_colorpencil,blk01,0.3,3.7,0.441,18.95
styles,E4_colorpencil,blk02,-0.45,0.89,0.689,10.97
styles,E4_colorpencil,blk02,0.45,3.45,0.571,16.9
styles,E4_colorpencil,blk03,-0.45,-0.99,0.668,13.07
styles,E4_colorpencil,blk03,0.4,0.91,0.381,20.03
styles,E4_colorpencil,blk04,-0.45,1.11,0.773,9.31
styles,E4_colorpencil,blk04,0.45,3.13,0.551,15.59
styles,E4_colorpencil,blk05,-0.45,-0.2,0.727,11.58
styles,E4_colorpencil,blk05,0.45,0.93,0.626,13.59
styles,E4_colorpencil,blk06,-0.45,-0.26,0.811,9.51
styles,E4_colorpencil,blk06,0.45,4.92,0.622,17.84
styles,E4_colorpencil,blk07,-0.45,0.81,0.66,12.56
styles,E4_colorpencil,blk07,0.45,-0.94,0.392,17.09
styles,E4_colorpencil,blk08,-0.45,0.32,0.609,13.57
styles,E4_colorpencil,blk08,0.45,1.22,0.311,21.38
styles,E4_colorpencil,blk09,-0.45,1.17,0.678,12.29
styles,E4_colorpencil,blk09,0.45,-1.41,0.209,22.66
styles,E4_colorpencil,blk10,-0.45,-0.16,0.763,11.5
styles,E4_colorpencil,blk10,0.45,1.81,0.308,27.87
styles,E4_colorpencil,blk11,-0.45,-0.2,0.613,16.65
styles,E4_colorpencil,blk11,0.45,1.58,0.302,19.07
styles,E4_colorpencil,blk12,-0.45,1.98,0.651,12.78
styles,E4_colorpencil,blk12,0.4,4.32,0.613,18.17
styles,E4_colorpencil,blk13,-0.45,1.52,0.907,7.27
styles,E4_colorpencil,blk13,0.4,1.32,0.557,15.74
styles,E4_colorpencil,blk14,-0.45,1.48,0.565,13.96
styles,E4_colorpencil,blk14,0.4,1.53,0.545,20.16
styles,E4_colorpencil,blk15,-0.45,0.9,0.717,10.97
styles,E4_colorpencil,blk15,0.4,2.74,0.605,19.16
styles,E4_colorpencil,blk16,-0.45,1.92,0.706,14.28
styles,E4_colorpencil,blk16,0.3,0.98,0.83,8.88
styles,E4_colorpencil,blk17,-0.45,0.96,0.785,10.77
styles,E4_colorpencil,blk17,0.4,-0.48,0.527,22.13
styles,E4_colorpencil,blk18,-0.45,1.19,0.741,10.95
styles,E4_colorpencil,blk18,0.3,2.27,0.551,18.44
styles,E4_colorpencil,blk19,-0.45,1.81,0.779,10.42
styles,E4_colorpencil,blk19,0.25,0.37,0.526,17.62
styles,E4_colorpencil,blk20,-0.45,2.45,0.631,15.37
styles,E4_colorpencil,blk20,0.45,4.83,0.61,19.43
styles,E4_colorpencil,blk21,-0.45,3.49,0.855,10.21
styles,E4_colorpencil,blk21,0.25,3.71,0.784,10.34
styles,E4_colorpencil,blk22,-0.45,8.16,0.77,15.72
styles,E4_colorpencil,blk22,0.25,-0.1,0.75,11.58
styles,E4_colorpencil,blk23,-0.3,5.21,0.916,8.72
styles,E4_colorpencil,blk23,0.3,-5.48,0.822,11.14
styles,E4_colorpencil,blk24,-0.45,3.96,0.782,11.37
styles,E4_colorpencil,blk24,0.25,0.81,0.926,6.37
styles,E4_colorpencil,blk25,-0.45,1.39,0.8,9.29
styles,E4_colorpencil,blk25,0.25,0.17,0.857,7.83
styles,E4_colorpencil,blk26,-0.25,-0.51,0.814,8.82
styles,E4_colorpencil,blk26,0.15,1.02,0.867,14.4
styles,E4_colorpencil,blk27,-0.25,1.25,0.729,14.11
styles,E4_colorpencil,blk27,0.15,-1.14,0.894,18.73
styles,E5_childrensbook,blk00,-0.25,1.98,0.568,23.6
styles,E5_childrensbook,blk00,0.3,4.15,0.775,14.53
styles,E5_childrensbook,blk01,-0.4,-2.56,0.791,12.62
styles,E5_childrensbook,blk01,0.3,2.16,0.769,13.09
styles,E5_childrensbook,blk02,-0.45,0.59,0.665,16.63
styles,E5_childrensbook,blk02,0.45,2.6,0.793,16.72
styles,E5_childrensbook,blk03,-0.45,0.39,0.826,9.93
styles,E5_childrensbook,blk03,0.4,4.03,0.783,19.65
styles,E5_childrensbook,blk04,-0.45,2.37,0.754,11.99
styles,E5_childrensbook,blk04,0.45,-0.13,0.801,12.64
styles,E5_childrensbook,blk05,-0.45,1.3,0.833,11.1
styles,E5_childrensbook,blk05,0.45,0.66,0.756,12.67
styles,E5_childrensbook,blk06,-0.45,2.18,0.831,9.52
styles,E5_childrensbook,blk06,0.45,4.0,0.64,21.08
styles,E5_childrensbook,blk07,-0.45,1.69,0.727,12.57
styles,E5_childrensbook,blk07,0.45,0.38,0.654,21.15
styles,E5_childrensbook,blk08,-0.45,2.62,0.774,12.82
styles,E5_childrensbook,blk08,0.45,-3.11,0.716,17.22
styles,E5_childrensbook,blk09,-0.45,-0.93,0.766,13.6
styles,E5_childrensbook,blk09,0.45,-1.91,0.59,18.2
styles,E5_childrensbook,blk10,-0.45,-1.47,0.676,16.63
styles,E5_childrensbook,blk10,0.45,0.01,0.279,27.37
styles,E5_childrensbook,blk11,-0.45,-0.06,0.593,18.76
styles,E5_childrensbook,blk11,0.45,1.08,0.477,22.45
styles,E5_childrensbook,blk12,-0.45,0.78,0.673,19.39
styles,E5_childrensbook,blk12,0.4,0.55,0.528,22.65
styles,E5_childrensbook,blk13,-0.45,2.37,0.871,10.75
styles,E5_childrensbook,blk13,0.4,8.88,0.418,31.19
styles,E5_childrensbook,blk14,-0.45,0.81,0.752,13.21
styles,E5_childrensbook,blk14,0.4,-0.43,0.734,17.34
styles,E5_childrensbook,blk15,-0.45,3.33,0.368,27.01
styles,E5_childrensbook,blk15,0.4,2.61,0.784,15.92
styles,E5_childrensbook,blk16,-0.45,0.29,0.668,20.4
styles,E5_childrensbook,blk16,0.3,-1.31,0.765,13.98
styles,E5_childrensbook,blk17,-0.45,0.86,0.823,11.34
styles,E5_childrensbook,blk17,0.4,1.0,0.698,21.99
styles,E5_childrensbook,blk18,-0.45,-0.33,0.829,10.25
styles,E5_childrensbook,blk18,0.3,2.16,0.742,20.07
styles,E5_childrensbook,blk19,-0.45,1.41,0.794,12.45
styles,E5_childrensbook,blk19,0.25,-1.36,0.785,13.81
styles,E5_childrensbook,blk20,-0.45,0.1,0.786,15.59
styles,E5_childrensbook,blk20,0.45,2.42,0.773,18.94
styles,E5_childrensbook,blk21,-0.45,1.5,0.762,14.94
styles,E5_childrensbook,blk21,0.25,5.12,0.819,16.73
styles,E5_childrensbook,blk22,-0.45,8.02,0.83,15.2
styles,E5_childrensbook,blk22,0.25,0.53,0.846,11.72
styles,E5_childrensbook,blk23,-0.3,2.39,0.84,10.37
styles,E5_childrensbook,blk23,0.3,-2.93,0.889,8.81
styles,E5_childrensbook,blk24,-0.45,2.58,0.849,14.36
styles,E5_childrensbook,blk24,0.25,1.53,0.871,9.05
styles,E5_childrensbook,blk25,-0.45,1.02,0.862,9.73
styles,E5_childrensbook,blk25,0.25,0.05,0.835,9.74
styles,E5_childrensbook,blk26,-0.25,-1.4,0.84,9.07
styles,E5_childrensbook,blk26,0.15,-0.47,0.787,11.21
styles,E5_childrensbook,blk27,-0.25,3.74,0.851,11.78
styles,E5_childrensbook,blk27,0.15,-3.28,0.872,14.11
styles,E6_claymation,blk00,-0.25,-2.74,0.82,16.57
styles,E6_claymation,blk00,0.3,1.81,0.824,15.73
styles,E6_claymation,blk01,-0.4,0.54,0.888,11.79
styles,E6_claymation,blk01,0.3,5.98,0.792,19.21
styles,E6_claymation,blk02,-0.45,0.71,0.877,12.81
styles,E6_claymation,blk02,0.45,2.04,0.855,16.85
styles,E6_claymation,blk03,-0.45,1.44,0.89,12.58
styles,E6_claymation,blk03,0.4,-0.73,0.611,23.89
styles,E6_claymation,blk04,-0.45,3.02,0.84,15.31
styles,E6_claymation,blk04,0.45,-2.87,0.665,22.65
styles,E6_claymation,blk05,-0.45,0.37,0.911,11.02
styles,E6_claymation,blk05,0.45,4.84,0.585,26.77
styles,E6_claymation,blk06,-0.45,-2.38,0.883,11.86
styles,E6_claymation,blk06,0.45,0.82,0.615,25.84
styles,E6_claymation,blk07,-0.45,1.97,0.791,17.41
styles,E6_claymation,blk07,0.45,-6.02,0.723,21.5
styles,E6_claymation,blk08,-0.45,1.1,0.866,15.13
styles,E6_claymation,blk08,0.45,0.44,0.575,24.91
styles,E6_claymation,blk09,-0.45,-0.39,0.828,15.02
styles,E6_claymation,blk09,0.45,-3.32,0.566,25.84
styles,E6_claymation,blk10,-0.45,-4.07,0.612,25.57
styles,E6_claymation,blk10,0.45,2.77,0.554,26.02
styles,E6_claymation,blk11,-0.45,-2.44,0.569,25.69
styles,E6_claymation,blk11,0.45,2.36,0.569,24.32
styles,E6_claymation,blk12,-0.45,0.74,0.846,14.34
styles,E6_claymation,blk12,0.4,-2.44,0.64,24.5
styles,E6_claymation,blk13,-0.45,3.13,0.837,15.75
styles,E6_claymation,blk13,0.4,5.24,0.524,33.73
styles,E6_claymation,blk14,-0.45,1.17,0.862,13.54
styles,E6_claymation,blk14,0.4,1.16,0.763,19.52
styles,E6_claymation,blk15,-0.45,-0.86,0.901,12.86
styles,E6_claymation,blk15,0.4,0.09,0.688,18.42
styles,E6_claymation,blk16,-0.45,2.04,0.78,17.57
styles,E6_claymation,blk16,0.3,1.21,0.679,21.76
styles,E6_claymation,blk17,-0.45,4.67,0.89,14.08
styles,E6_claymation,blk17,0.4,-4.99,0.673,25.14
styles,E6_claymation,blk18,-0.45,2.0,0.805,16.4
styles,E6_claymation,blk18,0.3,-2.37,0.845,17.54
styles,E6_claymation,blk19,-0.45,-0.25,0.882,13.55
styles,E6_claymation,blk19,0.25,0.32,0.866,15.7
styles,E6_claymation,blk20,-0.45,-1.89,0.877,12.87
styles,E6_claymation,blk20,0.45,3.81,0.818,21.48
styles,E6_claymation,blk21,-0.45,0.27,0.873,12.59
styles,E6_claymation,blk21,0.25,5.08,0.819,17.68
styles,E6_claymation,blk22,-0.45,3.82,0.929,12.62
styles,E6_claymation,blk22,0.25,2.37,0.92,11.02
styles,E6_claymation,blk23,-0.3,3.92,0.955,8.75
styles,E6_claymation,blk23,0.3,-6.05,0.925,13.05
styles,E6_claymation,blk24,-0.45,2.58,0.939,10.82
styles,E6_claymation,blk24,0.25,-0.13,0.947,7.79
styles,E6_claymation,blk25,-0.45,0.37,0.941,8.31
styles,E6_claymation,blk25,0.25,0.81,0.941,8.74
styles,E6_claymation,blk26,-0.25,0.93,0.969,6.33
styles,E6_claymation,blk26,0.15,-1.47,0.947,8.41
styles,E6_claymation,blk27,-0.25,2.14,0.941,11.09
styles,E6_claymation,blk27,0.15,-3.55,0.968,11.03
styles,E7_sepiaphoto,blk00,-0.25,0.14,0.805,11.24
styles,E7_sepiaphoto,blk00,0.3,-1.89,0.785,14.44
styles,E7_sepiaphoto,blk01,-0.4,-1.04,0.791,11.62
styles,E7_sepiaphoto,blk01,0.3,-1.79,0.814,13.26
styles,E7_sepiaphoto,blk02,-0.45,-1.27,0.781,12.35
styles,E7_sepiaphoto,blk02,0.45,-0.57,0.696,14.63
styles,E7_sepiaphoto,blk03,-0.45,0.91,0.935,6.46
styles,E7_sepiaphoto,blk03,0.4,-2.95,0.693,15.65
styles,E7_sepiaphoto,blk04,-0.45,1.62,0.827,11.24
styles,E7_sepiaphoto,blk04,0.45,0.64,0.567,18.88
styles,E7_sepiaphoto,blk05,-0.45,1.21,0.784,12.87
styles,E7_sepiaphoto,blk05,0.45,-1.04,0.632,19.43
styles,E7_sepiaphoto,blk06,-0.45,1.15,0.893,9.1
styles,E7_sepiaphoto,blk06,0.45,-4.08,0.741,15.61
styles,E7_sepiaphoto,blk07,-0.45,-0.56,0.829,11.35
styles,E7_sepiaphoto,blk07,0.45,-5.35,0.589,19.75
styles,E7_sepiaphoto,blk08,-0.45,-1.65,0.768,14.03
styles,E7_sepiaphoto,blk08,0.45,-1.33,0.6,17.75
styles,E7_sepiaphoto,blk09,-0.45,-2.49,0.763,14.17
styles,E7_sepiaphoto,blk09,0.45,-0.7,0.476,21.34
styles,E7_sepiaphoto,blk10,-0.45,-1.19,0.751,14.0
styles,E7_sepiaphoto,blk10,0.45,4.2,0.477,23.97
styles,E7_sepiaphoto,blk11,-0.45,-0.97,0.639,17.04
styles,E7_sepiaphoto,blk11,0.45,2.48,0.674,18.3
styles,E7_sepiaphoto,blk12,-0.45,-1.23,0.827,11.26
styles,E7_sepiaphoto,blk12,0.4,2.6,0.609,22.72
styles,E7_sepiaphoto,blk13,-0.45,1.15,0.911,7.85
styles,E7_sepiaphoto,blk13,0.4,-0.31,0.704,16.91
styles,E7_sepiaphoto,blk14,-0.45,0.21,0.73,13.47
styles,E7_sepiaphoto,blk14,0.4,0.54,0.684,16.8
styles,E7_sepiaphoto,blk15,-0.45,-1.15,0.843,10.3
styles,E7_sepiaphoto,blk15,0.4,2.32,0.768,15.76
styles,E7_sepiaphoto,blk16,-0.45,-2.66,0.886,9.76
styles,E7_sepiaphoto,blk16,0.3,1.89,0.854,11.88
styles,E7_sepiaphoto,blk17,-0.45,-0.67,0.726,13.05
styles,E7_sepiaphoto,blk17,0.4,4.96,0.679,21.08
styles,E7_sepiaphoto,blk18,-0.45,-1.41,0.863,11.63
styles,E7_sepiaphoto,blk18,0.3,1.71,0.779,12.09
styles,E7_sepiaphoto,blk19,-0.45,1.08,0.81,12.59
styles,E7_sepiaphoto,blk19,0.25,1.1,0.793,12.27
styles,E7_sepiaphoto,blk20,-0.45,2.45,0.897,9.7
styles,E7_sepiaphoto,blk20,0.45,0.01,0.759,15.84
styles,E7_sepiaphoto,blk21,-0.45,6.35,0.811,15.65
styles,E7_sepiaphoto,blk21,0.25,2.14,0.863,10.07
styles,E7_sepiaphoto,blk22,-0.45,4.89,0.872,14.8
styles,E7_sepiaphoto,blk22,0.25,1.37,0.688,13.08
styles,E7_sepiaphoto,blk23,-0.3,4.41,0.933,8.72
styles,E7_sepiaphoto,blk23,0.3,-1.52,0.786,11.84
styles,E7_sepiaphoto,blk24,-0.45,1.7,0.921,9.61
styles,E7_sepiaphoto,blk24,0.25,-0.93,0.943,6.15
styles,E7_sepiaphoto,blk25,-0.45,-1.03,0.864,8.78
styles,E7_sepiaphoto,blk25,0.25,1.6,0.715,14.17
styles,E7_sepiaphoto,blk26,-0.25,-0.48,0.788,11.01
styles,E7_sepiaphoto,blk26,0.15,0.67,0.767,11.91
styles,E7_sepiaphoto,blk27,-0.25,2.16,0.755,16.67
styles,E7_sepiaphoto,blk27,0.15,-0.29,0.843,10.82
styles,E8_cartoon_styleend,blk00,-0.25,2.98,0.693,15.09
styles,E8_cartoon_styleend,blk00,0.3,5.79,0.678,18.43
styles,E8_cartoon_styleend,blk01,-0.4,7.12,0.794,17.82
styles,E8_cartoon_styleend,blk01,0.3,6.92,0.757,19.29
styles,E8_cartoon_styleend,blk02,-0.45,1.93,0.814,10.05
styles,E8_cartoon_styleend,blk02,0.45,-0.5,0.572,17.38
styles,E8_cartoon_styleend,blk03,-0.45,0.88,0.678,11.96
styles,E8_cartoon_styleend,blk03,0.4,7.01,0.673,20.08
styles,E8_cartoon_styleend,blk04,-0.45,4.38,0.691,15.41
styles,E8_cartoon_styleend,blk04,0.45,3.66,0.628,18.93
styles,E8_cartoon_styleend,blk05,-0.45,0.4,0.825,8.89
styles,E8_cartoon_styleend,blk05,0.45,4.03,0.584,18.73
styles,E8_cartoon_styleend,blk06,-0.45,3.99,0.798,13.61
styles,E8_cartoon_styleend,blk06,0.45,6.67,0.783,17.22
styles,E8_cartoon_styleend,blk07,-0.45,2.91,0.829,11.95
styles,E8_cartoon_styleend,blk07,0.45,2.49,0.658,16.58
styles,E8_cartoon_styleend,blk08,-0.45,5.1,0.781,13.86
styles,E8_cartoon_styleend,blk08,0.45,1.24,0.608,19.19
styles,E8_cartoon_styleend,blk09,-0.45,1.21,0.76,13.55
styles,E8_cartoon_styleend,blk09,0.45,2.89,0.515,21.11
styles,E8_cartoon_styleend,blk10,-0.45,1.86,0.744,14.29
styles,E8_cartoon_styleend,blk10,0.45,1.87,0.581,18.14
styles,E8_cartoon_styleend,blk11,-0.45,-0.47,0.785,11.32
styles,E8_cartoon_styleend,blk11,0.45,2.04,0.554,18.01
styles,E8_cartoon_styleend,blk12,-0.45,3.29,0.735,13.81
styles,E8_cartoon_styleend,blk12,0.4,7.1,0.644,21.77
styles,E8_cartoon_styleend,blk13,-0.45,3.24,0.833,12.02
styles,E8_cartoon_styleend,blk13,0.4,4.38,0.682,18.6
styles,E8_cartoon_styleend,blk14,-0.45,0.01,0.735,12.12
styles,E8_cartoon_styleend,blk14,0.4,5.33,0.721,19.92
styles,E8_cartoon_styleend,blk15,-0.45,0.2,0.765,11.57
styles,E8_cartoon_styleend,blk15,0.4,5.07,0.685,15.12
styles,E8_cartoon_styleend,blk16,-0.45,9.03,0.841,19.1
styles,E8_cartoon_styleend,blk16,0.3,5.36,0.757,13.77
styles,E8_cartoon_styleend,blk17,-0.45,1.46,0.8,10.38
styles,E8_cartoon_styleend,blk17,0.4,2.32,0.424,22.37
styles,E8_cartoon_styleend,blk18,-0.45,2.27,0.695,13.46
styles,E8_cartoon_styleend,blk18,0.3,9.17,0.835,19.71
styles,E8_cartoon_styleend,blk19,-0.45,2.92,0.777,11.1
styles,E8_cartoon_styleend,blk19,0.25,2.03,0.793,11.65
styles,E8_cartoon_styleend,blk20,-0.45,1.29,0.83,9.29
styles,E8_cartoon_styleend,blk20,0.45,7.79,0.758,20.44
styles,E8_cartoon_styleend,blk21,-0.45,1.58,0.881,8.55
styles,E8_cartoon_styleend,blk21,0.25,6.5,0.837,14.04
styles,E8_cartoon_styleend,blk22,-0.45,4.5,0.857,9.84
styles,E8_cartoon_styleend,blk22,0.25,3.2,0.807,11.72
styles,E8_cartoon_styleend,blk23,-0.3,1.33,0.806,8.77
styles,E8_cartoon_styleend,blk23,0.3,-2.0,0.918,6.4
styles,E8_cartoon_styleend,blk24,-0.45,4.78,0.799,13.41
styles,E8_cartoon_styleend,blk24,0.25,1.47,0.942,6.33
styles,E8_cartoon_styleend,blk25,-0.45,1.36,0.894,7.29
styles,E8_cartoon_styleend,blk25,0.25,0.22,0.903,6.53
styles,E8_cartoon_styleend,blk26,-0.25,-0.34,0.903,6.27
styles,E8_cartoon_styleend,blk26,0.15,-0.53,0.831,8.79
styles,E8_cartoon_styleend,blk27,-0.25,0.79,0.89,7.23
styles,E8_cartoon_styleend,blk27,0.15,-0.44,0.927,9.24
v3,P1_elfbrawler,blk00,-0.2,0.65,0.678,22.53
v3,P1_elfbrawler,blk00,0.25,-1.6,0.759,18.72
v3,P1_elfbrawler,blk01,-0.4,-1.2,0.8,16.34
v3,P1_elfbrawler,blk01,0.25,0.5,0.808,18.65
v3,P1_elfbrawler,blk02,-0.45,-0.39,0.816,15.24
v3,P1_elfbrawler,blk02,0.4,-0.11,0.69,22.77
v3,P1_elfbrawler,blk03,-0.3,-0.09,0.816,13.38
v3,P1_elfbrawler,blk03,-0.55,-0.41,0.769,16.49
v3,P1_elfbrawler,blk03,0.4,-0.66,0.729,20.42
v3,P1_elfbrawler,blk04,-0.3,0.19,0.884,13.21
v3,P1_elfbrawler,blk04,-0.55,0.63,0.688,20.05
v3,P1_elfbrawler,blk04,0.55,-0.61,0.577,27.21
v3,P1_elfbrawler,blk05,-0.55,-0.38,0.738,20.53
v3,P1_elfbrawler,blk05,0.55,-1.33,0.553,27.83
v3,P1_elfbrawler,blk06,-0.55,-1.42,0.715,17.77
v3,P1_elfbrawler,blk06,0.55,0.0,0.566,27.17
v3,P1_elfbrawler,blk07,-0.55,0.32,0.762,19.21
v3,P1_elfbrawler,blk07,0.3,-0.25,0.651,23.11
v3,P1_elfbrawler,blk07,0.55,-0.88,0.503,29.15
v3,P1_elfbrawler,blk08,-0.3,0.69,0.738,21.65
v3,P1_elfbrawler,blk08,-0.55,0.23,0.694,22.84
v3,P1_elfbrawler,blk08,0.55,0.38,0.649,24.65
v3,P1_elfbrawler,blk09,-0.55,-0.64,0.625,25.27
v3,P1_elfbrawler,blk09,0.55,-3.13,0.592,26.91
v3,P1_elfbrawler,blk10,-0.45,-0.79,0.696,21.77
v3,P1_elfbrawler,blk10,0.45,1.44,0.709,23.06
v3,P1_elfbrawler,blk11,-0.45,0.4,0.698,20.89
v3,P1_elfbrawler,blk11,0.25,0.45,0.771,20.03
v3,P1_elfbrawler,blk11,0.45,-0.21,0.503,29.14
v3,P1_elfbrawler,blk12,-0.45,-0.4,0.724,20.1
v3,P1_elfbrawler,blk12,0.4,-1.07,0.644,24.41
v3,P1_elfbrawler,blk13,-0.45,1.27,0.814,17.56
v3,P1_elfbrawler,blk13,0.4,-2.44,0.661,24.19
v3,P1_elfbrawler,blk14,-0.55,0.4,0.697,21.89
v3,P1_elfbrawler,blk14,0.4,-0.58,0.61,24.66
v3,P1_elfbrawler,blk15,-0.45,-2.02,0.716,20.69
v3,P1_elfbrawler,blk15,0.4,-0.72,0.671,23.2
v3,P1_elfbrawler,blk16,-0.45,-0.71,0.835,16.94
v3,P1_elfbrawler,blk16,0.3,0.41,0.671,22.57
v3,P1_elfbrawler,blk17,-0.45,0.87,0.8,16.98
v3,P1_elfbrawler,blk17,0.25,-0.74,0.679,22.42
v3,P1_elfbrawler,blk17,0.4,-1.87,0.571,27.59
v3,P1_elfbrawler,blk18,-0.45,-1.24,0.7,22.26
v3,P1_elfbrawler,blk18,0.2,-1.38,0.749,17.79
v3,P1_elfbrawler,blk18,0.3,-1.33,0.713,20.22
v3,P1_elfbrawler,blk19,-0.45,-1.19,0.754,18.34
v3,P1_elfbrawler,blk19,0.25,0.34,0.738,20.98
v3,P1_elfbrawler,blk20,-0.55,-2.08,0.738,20.18
v3,P1_elfbrawler,blk20,0.45,0.08,0.606,26.68
v3,P1_elfbrawler,blk21,-0.45,0.83,0.808,17.55
v3,P1_elfbrawler,blk21,0.25,2.05,0.812,16.69
v3,P1_elfbrawler,blk22,-0.45,-1.33,0.822,13.65
v3,P1_elfbrawler,blk22,0.25,1.07,0.792,16.71
v3,P1_elfbrawler,blk23,-0.3,1.81,0.924,9.81
v3,P1_elfbrawler,blk23,0.15,-1.08,0.957,7.31
v3,P1_elfbrawler,blk23,0.3,-3.73,0.897,12.57
v3,P1_elfbrawler,blk24,-0.4,-1.62,0.902,10.32
v3,P1_elfbrawler,blk24,0.2,1.3,0.932,9.53
v3,P1_elfbrawler,blk25,-0.45,-0.78,0.876,12.48
v3,P1_elfbrawler,blk25,0.25,0.92,0.9,12.55
v3,P1_elfbrawler,blk26,-0.25,0.52,0.931,10.39
v3,P1_elfbrawler,blk26,0.15,1.03,0.884,12.71
v3,P1_elfbrawler,blk27,-0.075,0.75,0.98,5.22
v3,P1_elfbrawler,blk27,-0.25,2.97,0.888,14.31
v3,P1_elfbrawler,blk27,0.05,-0.63,0.959,6.38
v3,P2_lotuscanoe,blk00,-0.2,0.09,0.75,11.26
v3,P2_lotuscanoe,blk00,0.25,1.08,0.799,9.94
v3,P2_lotuscanoe,blk01,-0.4,-0.7,0.834,8.14
v3,P2_lotuscanoe,blk01,0.25,-0.16,0.808,9.37
v3,P2_lotuscanoe,blk02,-0.45,0.28,0.877,6.97
v3,P2_lotuscanoe,blk02,0.4,-1.69,0.649,13.23
v3,P2_lotuscanoe,blk03,-0.3,0.32,0.812,9.15
v3,P2_lotuscanoe,blk03,-0.55,0.28,0.78,9.78
v3,P2_lotuscanoe,blk03,0.4,-1.71,0.612,14.5
v3,P2_lotuscanoe,blk04,-0.3,-0.17,0.893,6.29
v3,P2_lotuscanoe,blk04,-0.55,-0.21,0.856,7.61
v3,P2_lotuscanoe,blk04,0.55,0.3,0.717,13.74
v3,P2_lotuscanoe,blk05,-0.55,-1.14,0.74,10.71
v3,P2_lotuscanoe,blk05,0.55,2.45,0.754,13.23
v3,P2_lotuscanoe,blk06,-0.55,-0.58,0.809,9.7
v3,P2_lotuscanoe,blk06,0.55,0.77,0.654,14.55
v3,P2_lotuscanoe,blk07,-0.55,-0.84,0.745,10.95
v3,P2_lotuscanoe,blk07,0.3,0.82,0.819,9.42
v3,P2_lotuscanoe,blk07,0.55,0.37,0.658,14.02
v3,P2_lotuscanoe,blk08,-0.3,0.44,0.795,10.16
v3,P2_lotuscanoe,blk08,-0.55,0.23,0.745,11.64
v3,P2_lotuscanoe,blk08,0.55,-1.54,0.686,13.12
v3,P2_lotuscanoe,blk09,-0.55,0.79,0.787,10.99
v3,P2_lotuscanoe,blk09,0.55,-0.49,0.576,15.52
v3,P2_lotuscanoe,blk10,-0.45,-1.21,0.698,12.22
v3,P2_lotuscanoe,blk10,0.45,1.34,0.633,16.5
v3,P2_lotuscanoe,blk11,-0.45,0.24,0.735,11.43
v3,P2_lotuscanoe,blk11,0.25,-0.25,0.811,9.26
v3,P2_lotuscanoe,blk11,0.45,0.68,0.739,12.87
v3,P2_lotuscanoe,blk12,-0.45,-0.58,0.827,8.65
v3,P2_lotuscanoe,blk12,0.4,0.16,0.741,12.55
v3,P2_lotuscanoe,blk13,-0.45,-0.18,0.843,8.75
v3,P2_lotuscanoe,blk13,0.4,0.58,0.596,13.95
v3,P2_lotuscanoe,blk14,-0.55,-0.62,0.751,10.72
v3,P2_lotuscanoe,blk14,0.4,-0.71,0.783,11.32
v3,P2_lotuscanoe,blk15,-0.45,-1.26,0.816,8.57
v3,P2_lotuscanoe,blk15,0.4,0.18,0.628,15.19
v3,P2_lotuscanoe,blk16,-0.45,-0.89,0.725,11.0
v3,P2_lotuscanoe,blk16,0.3,0.86,0.754,13.28
v3,P2_lotuscanoe,blk17,-0.45,0.51,0.845,8.6
v3,P2_lotuscanoe,blk17,0.25,-0.26,0.734,11.21
v3,P2_lotuscanoe,blk17,0.4,-0.75,0.649,14.88
v3,P2_lotuscanoe,blk18,-0.45,-0.76,0.721,11.72
v3,P2_lotuscanoe,blk18,0.2,1.33,0.789,9.97
v3,P2_lotuscanoe,blk18,0.3,1.62,0.69,12.48
v3,P2_lotuscanoe,blk19,-0.45,-0.68,0.754,10.26
v3,P2_lotuscanoe,blk19,0.25,1.11,0.819,9.91
v3,P2_lotuscanoe,blk20,-0.55,1.15,0.844,8.93
v3,P2_lotuscanoe,blk20,0.45,1.2,0.678,14.46
v3,P2_lotuscanoe,blk21,-0.45,3.13,0.809,10.31
v3,P2_lotuscanoe,blk21,0.25,0.85,0.846,8.44
v3,P2_lotuscanoe,blk22,-0.45,2.43,0.723,11.95
v3,P2_lotuscanoe,blk22,0.25,1.02,0.86,8.53
v3,P2_lotuscanoe,blk23,-0.3,1.85,0.924,6.08
v3,P2_lotuscanoe,blk23,0.15,-1.66,0.936,5.19
v3,P2_lotuscanoe,blk23,0.3,-2.72,0.877,7.88
v3,P2_lotuscanoe,blk24,-0.4,1.36,0.878,7.8
v3,P2_lotuscanoe,blk24,0.2,-1.23,0.913,6.13
v3,P2_lotuscanoe,blk25,-0.45,-0.75,0.879,7.58
v3,P2_lotuscanoe,blk25,0.25,0.69,0.881,7.92
v3,P2_lotuscanoe,blk26,-0.25,-0.05,0.904,6.13
v3,P2_lotuscanoe,blk26,0.15,-1.16,0.857,7.98
v3,P2_lotuscanoe,blk27,-0.075,1.15,0.944,5.87
v3,P2_lotuscanoe,blk27,-0.25,2.54,0.882,10.89
v3,P2_lotuscanoe,blk27,0.05,-1.05,0.949,4.78
v3,P3_archerforest,blk00,-0.2,-0.31,0.773,8.5
v3,P3_archerforest,blk00,0.25,-1.01,0.794,7.78
v3,P3_archerforest,blk01,-0.4,-0.1,0.723,8.61
v3,P3_archerforest,blk01,0.25,-0.6,0.48,13.23
v3,P3_archerforest,blk02,-0.45,-0.48,0.835,6.57
v3,P3_archerforest,blk02,0.4,-0.52,0.625,10.37
v3,P3_archerforest,blk03,-0.3,0.08,0.955,3.3
v3,P3_archerforest,blk03,-0.55,-0.17,0.901,5.09
v3,P3_archerforest,blk03,0.4,0.27,0.598,11.8
v3,P3_archerforest,blk04,-0.3,0.08,0.9,4.75
v3,P3_archerforest,blk04,-0.55,0.2,0.886,5.63
v3,P3_archerforest,blk04,0.55,-1.92,0.384,14.61
v3,P3_archerforest,blk05,-0.55,-0.77,0.859,6.05
v3,P3_archerforest,blk05,0.55,-1.8,0.232,15.6
v3,P3_archerforest,blk06,-0.55,-1.2,0.247,16.44
v3,P3_archerforest,blk06,0.55,-0.94,0.473,14.47
v3,P3_archerforest,blk07,-0.55,0.47,0.209,17.46
v3,P3_archerforest,blk07,0.3,-0.7,0.747,8.82
v3,P3_archerforest,blk07,0.55,-0.71,0.388,15.13
v3,P3_archerforest,blk08,-0.3,-0.85,0.724,8.97
v3,P3_archerforest,blk08,-0.55,-1.74,0.249,15.02
v3,P3_archerforest,blk08,0.55,1.58,0.148,16.95
v3,P3_archerforest,blk09,-0.55,-1.32,0.292,15.07
v3,P3_archerforest,blk09,0.55,0.49,0.083,19.01
v3,P3_archerforest,blk10,-0.45,-1.0,0.292,14.18
v3,P3_archerforest,blk10,0.45,-1.85,0.383,15.0
v3,P3_archerforest,blk11,-0.45,-0.79,0.668,9.84
v3,P3_archerforest,blk11,0.25,0.16,0.341,15.82
v3,P3_archerforest,blk11,0.45,-0.91,0.183,18.79
v3,P3_archerforest,blk12,-0.45,-1.52,0.709,9.3
v3,P3_archerforest,blk12,0.4,-0.32,0.277,15.72
v3,P3_archerforest,blk13,-0.45,-0.54,0.602,10.19
v3,P3_archerforest,blk13,0.4,-1.07,0.197,18.16
v3,P3_archerforest,blk14,-0.55,-0.73,0.731,8.68
v3,P3_archerforest,blk14,0.4,-0.18,0.364,13.93
v3,P3_archerforest,blk15,-0.45,-1.71,0.825,7.03
v3,P3_archerforest,blk15,0.4,1.36,0.396,14.66
v3,P3_archerforest,blk16,-0.45,-0.21,0.756,8.43
v3,P3_archerforest,blk16,0.3,0.24,0.67,11.15
v3,P3_archerforest,blk17,-0.45,-0.15,0.817,7.36
v3,P3_archerforest,blk17,0.25,-1.37,0.727,9.39
v3,P3_archerforest,blk17,0.4,-2.29,0.355,14.06
v3,P3_archerforest,blk18,-0.45,0.01,0.837,7.33
v3,P3_archerforest,blk18,0.2,-0.18,0.817,7.26
v3,P3_archerforest,blk18,0.3,-0.69,0.579,10.77
v3,P3_archerforest,blk19,-0.45,0.77,0.802,7.31
v3,P3_archerforest,blk19,0.25,-0.08,0.714,9.85
v3,P3_archerforest,blk20,-0.55,0.17,0.808,7.33
v3,P3_archerforest,blk20,0.45,-2.56,0.478,13.45
v3,P3_archerforest,blk21,-0.45,-0.6,0.806,7.84
v3,P3_archerforest,blk21,0.25,0.58,0.856,6.38
v3,P3_archerforest,blk22,-0.45,-0.98,0.86,6.36
v3,P3_archerforest,blk22,0.25,-0.53,0.873,6.57
v3,P3_archerforest,blk23,-0.3,1.06,0.914,5.21
v3,P3_archerforest,blk23,0.15,-1.53,0.934,4.39
v3,P3_archerforest,blk23,0.3,-3.48,0.84,7.79
v3,P3_archerforest,blk24,-0.4,0.52,0.868,6.41
v3,P3_archerforest,blk24,0.2,-0.05,0.934,4.42
v3,P3_archerforest,blk25,-0.45,-1.08,0.891,6.02
v3,P3_archerforest,blk25,0.25,0.46,0.907,5.67
v3,P3_archerforest,blk26,-0.25,-0.54,0.905,4.75
v3,P3_archerforest,blk26,0.15,1.03,0.835,8.45
v3,P3_archerforest,blk27,-0.075,0.08,0.939,4.72
v3,P3_archerforest,blk27,-0.25,-1.12,0.851,9.48
v3,P3_archerforest,blk27,0.05,-0.23,0.973,3.55
v3,P4_selfie,blk00,-0.2,0.27,0.9,6.86
v3,P4_selfie,blk00,0.25,-3.46,0.806,11.03
v3,P4_selfie,blk01,-0.4,-0.63,0.896,6.53
v3,P4_selfie,blk01,0.25,0.6,0.886,7.0
v3,P4_selfie,blk02,-0.45,0.04,0.868,7.74
v3,P4_selfie,blk02,0.4,1.53,0.849,8.79
v3,P4_selfie,blk03,-0.3,0.64,0.917,6.18
v3,P4_selfie,blk03,-0.55,0.76,0.874,7.48
v3,P4_selfie,blk03,0.4,-1.34,0.861,8.2
v3,P4_selfie,blk04,-0.3,0.47,0.905,5.98
v3,P4_selfie,blk04,-0.55,0.49,0.886,7.17
v3,P4_selfie,blk04,0.55,1.36,0.66,13.11
v3,P4_selfie,blk05,-0.55,0.96,0.835,8.84
v3,P4_selfie,blk05,0.55,-2.37,0.698,15.15
v3,P4_selfie,blk06,-0.55,-0.52,0.901,6.62
v3,P4_selfie,blk06,0.55,3.35,0.807,12.61
v3,P4_selfie,blk07,-0.55,1.98,0.892,6.9
v3,P4_selfie,blk07,0.3,-2.22,0.811,12.94
v3,P4_selfie,blk07,0.55,-2.86,0.724,15.48
v3,P4_selfie,blk08,-0.3,0.09,0.807,8.91
v3,P4_selfie,blk08,-0.55,0.2,0.742,11.29
v3,P4_selfie,blk08,0.55,2.57,0.654,17.78
v3,P4_selfie,blk09,-0.55,0.24,0.867,8.81
v3,P4_selfie,blk09,0.55,4.65,0.525,18.77
v3,P4_selfie,blk10,-0.45,-2.44,0.75,14.35
v3,P4_selfie,blk10,0.45,-0.8,0.517,18.7
v3,P4_selfie,blk11,-0.45,0.62,0.726,11.17
v3,P4_selfie,blk11,0.25,0.04,0.633,15.04
v3,P4_selfie,blk11,0.45,3.3,0.367,24.4
v3,P4_selfie,blk12,-0.45,-2.43,0.781,10.86
v3,P4_selfie,blk12,0.4,0.13,0.668,15.72
v3,P4_selfie,blk13,-0.45,-0.47,0.831,8.5
v3,P4_selfie,blk13,0.4,2.99,0.682,14.87
v3,P4_selfie,blk14,-0.55,1.35,0.878,8.58
v3,P4_selfie,blk14,0.4,1.82,0.721,13.91
v3,P4_selfie,blk15,-0.45,-1.48,0.787,9.51
v3,P4_selfie,blk15,0.4,1.06,0.708,14.96
v3,P4_selfie,blk16,-0.45,-2.3,0.823,9.39
v3,P4_selfie,blk16,0.3,1.25,0.845,10.02
v3,P4_selfie,blk17,-0.45,1.53,0.885,9.04
v3,P4_selfie,blk17,0.25,-3.73,0.868,10.67
v3,P4_selfie,blk17,0.4,-3.35,0.793,13.05
v3,P4_selfie,blk18,-0.45,-0.84,0.74,13.15
v3,P4_selfie,blk18,0.2,-2.1,0.892,8.68
v3,P4_selfie,blk18,0.3,-1.07,0.85,10.17
v3,P4_selfie,blk19,-0.45,0.26,0.886,9.11
v3,P4_selfie,blk19,0.25,1.2,0.784,11.3
v3,P4_selfie,blk20,-0.55,-0.05,0.909,6.86
v3,P4_selfie,blk20,0.45,0.04,0.751,13.51
v3,P4_selfie,blk21,-0.45,0.91,0.817,10.12
v3,P4_selfie,blk21,0.25,1.52,0.856,8.39
v3,P4_selfie,blk22,-0.45,0.04,0.799,10.16
v3,P4_selfie,blk22,0.25,4.54,0.781,13.73
v3,P4_selfie,blk23,-0.3,2.87,0.946,6.21
v3,P4_selfie,blk23,0.15,-1.44,0.965,4.7
v3,P4_selfie,blk23,0.3,-2.88,0.904,8.34
v3,P4_selfie,blk24,-0.4,1.93,0.923,6.24
v3,P4_selfie,blk24,0.2,0.88,0.949,5.15
v3,P4_selfie,blk25,-0.45,-2.09,0.915,7.58
v3,P4_selfie,blk25,0.25,1.08,0.938,7.52
v3,P4_selfie,blk26,-0.25,0.26,0.937,5.85
v3,P4_selfie,blk26,0.15,-0.93,0.889,7.34
v3,P4_selfie,blk27,-0.075,1.4,0.982,4.25
v3,P4_selfie,blk27,-0.25,3.03,0.913,11.49
v3,P4_selfie,blk27,0.05,-1.34,0.988,3.31
v3,P5_gingervampire,blk00,-0.2,0.56,0.57,14.72
v3,P5_gingervampire,blk00,0.25,-0.2,0.924,6.24
v3,P5_gingervampire,blk01,-0.4,-0.34,0.923,5.42
v3,P5_gingervampire,blk01,0.25,0.5,0.897,6.83
v3,P5_gingervampire,blk02,-0.45,0.18,0.96,4.62
v3,P5_gingervampire,blk02,0.4,0.49,0.676,12.33
v3,P5_gingervampire,blk03,-0.3,-0.06,0.95,4.51
v3,P5_gingervampire,blk03,-0.55,-0.02,0.906,5.95
v3,P5_gingervampire,blk03,0.4,0.67,0.937,5.71
v3,P5_gingervampire,blk04,-0.3,0.06,0.956,4.26
v3,P5_gingervampire,blk04,-0.55,0.12,0.884,7.13
v3,P5_gingervampire,blk04,0.55,0.85,0.808,10.18
v3,P5_gingervampire,blk05,-0.55,0.21,0.94,5.05
v3,P5_gingervampire,blk05,0.55,0.69,0.831,9.83
v3,P5_gingervampire,blk06,-0.55,0.34,0.878,7.1
v3,P5_gingervampire,blk06,0.55,0.32,0.834,9.71
v3,P5_gingervampire,blk07,-0.55,-0.01,0.837,8.43
v3,P5_gingervampire,blk07,0.3,0.29,0.89,7.18
v3,P5_gingervampire,blk07,0.55,0.56,0.548,15.59
v3,P5_gingervampire,blk08,-0.3,0.52,0.926,6.08
v3,P5_gingervampire,blk08,-0.55,0.68,0.912,6.6
v3,P5_gingervampire,blk08,0.55,1.84,0.754,11.63
v3,P5_gingervampire,blk09,-0.55,0.8,0.851,9.48
v3,P5_gingervampire,blk09,0.55,0.84,0.57,16.6
v3,P5_gingervampire,blk10,-0.45,0.5,0.701,12.25
v3,P5_gingervampire,blk10,0.45,0.42,0.755,12.02
v3,P5_gingervampire,blk11,-0.45,1.56,0.889,8.52
v3,P5_gingervampire,blk11,0.25,-0.85,0.645,12.84
v3,P5_gingervampire,blk11,0.45,-0.82,0.545,15.89
v3,P5_gingervampire,blk12,-0.45,0.09,0.849,7.7
v3,P5_gingervampire,blk12,0.4,1.27,0.787,11.05
v3,P5_gingervampire,blk13,-0.45,-0.91,0.858,7.91
v3,P5_gingervampire,blk13,0.4,1.75,0.784,13.06
v3,P5_gingervampire,blk14,-0.55,0.25,0.935,5.61
v3,P5_gingervampire,blk14,0.4,1.37,0.765,12.61
v3,P5_gingervampire,blk15,-0.45,-0.45,0.917,5.83
v3,P5_gingervampire,blk15,0.4,1.62,0.615,13.71
v3,P5_gingervampire,blk16,-0.45,-0.7,0.871,6.93
v3,P5_gingervampire,blk16,0.3,2.47,0.794,12.31
v3,P5_gingervampire,blk17,-0.45,0.3,0.932,5.76
v3,P5_gingervampire,blk17,0.25,-0.03,0.881,7.43
v3,P5_gingervampire,blk17,0.4,0.35,0.573,15.15
v3,P5_gingervampire,blk18,-0.45,0.33,0.898,6.52
v3,P5_gingervampire,blk18,0.2,0.59,0.895,6.66
v3,P5_gingervampire,blk18,0.3,1.04,0.863,7.8
v3,P5_gingervampire,blk19,-0.45,-0.82,0.922,5.94
v3,P5_gingervampire,blk19,0.25,1.22,0.882,7.51
v3,P5_gingervampire,blk20,-0.55,0.68,0.921,5.98
v3,P5_gingervampire,blk20,0.45,0.52,0.816,10.27
v3,P5_gingervampire,blk21,-0.45,0.89,0.814,8.99
v3,P5_gingervampire,blk21,0.25,0.62,0.949,5.2
v3,P5_gingervampire,blk22,-0.45,1.38,0.935,6.73
v3,P5_gingervampire,blk22,0.25,0.2,0.967,4.02
v3,P5_gingervampire,blk23,-0.3,0.93,0.974,3.76
v3,P5_gingervampire,blk23,0.15,-0.74,0.973,3.43
v3,P5_gingervampire,blk23,0.3,-1.74,0.945,5.56
v3,P5_gingervampire,blk24,-0.4,-0.12,0.945,4.98
v3,P5_gingervampire,blk24,0.2,0.21,0.975,3.06
v3,P5_gingervampire,blk25,-0.45,-0.93,0.955,4.86
v3,P5_gingervampire,blk25,0.25,0.03,0.964,4.31
v3,P5_gingervampire,blk26,-0.25,-0.48,0.976,3.68
v3,P5_gingervampire,blk26,0.15,0.62,0.963,6.53
v3,P5_gingervampire,blk27,-0.075,0.33,0.992,2.65
v3,P5_gingervampire,blk27,-0.25,0.75,0.966,5.85
v3,P5_gingervampire,blk27,0.05,-0.28,0.994,2.45
v3,P6_ghostgirl,blk00,-0.2,-0.47,0.939,3.57
v3,P6_ghostgirl,blk00,0.25,-0.15,0.937,3.61
v3,P6_ghostgirl,blk01,-0.4,-0.09,0.913,4.38
v3,P6_ghostgirl,blk01,0.25,0.18,0.926,4.45
v3,P6_ghostgirl,blk02,-0.45,0.18,0.946,3.22
v3,P6_ghostgirl,blk02,0.4,-0.09,0.662,9.94
v3,P6_ghostgirl,blk03,-0.3,-0.09,0.889,4.05
v3,P6_ghostgirl,blk03,-0.55,-0.19,0.882,3.89
v3,P6_ghostgirl,blk03,0.4,-0.72,0.882,4.59
v3,P6_ghostgirl,blk04,-0.3,-0.19,0.973,2.13
v3,P6_ghostgirl,blk04,-0.55,0.69,0.927,3.75
v3,P6_ghostgirl,blk04,0.55,-0.32,0.846,5.36
v3,P6_ghostgirl,blk05,-0.55,-0.06,0.917,3.47
v3,P6_ghostgirl,blk05,0.55,0.21,0.662,8.76
v3,P6_ghostgirl,blk06,-0.55,-1.12,0.93,3.66
v3,P6_ghostgirl,blk06,0.55,-0.78,0.691,9.8
v3,P6_ghostgirl,blk07,-0.55,0.78,0.864,5.06
v3,P6_ghostgirl,blk07,0.3,-0.66,0.891,4.06
v3,P6_ghostgirl,blk07,0.55,0.2,0.691,8.48
v3,P6_ghostgirl,blk08,-0.3,-0.22,0.954,2.74
v3,P6_ghostgirl,blk08,-0.55,-0.25,0.903,3.85
v3,P6_ghostgirl,blk08,0.55,1.17,0.681,10.8
v3,P6_ghostgirl,blk09,-0.55,-0.18,0.891,5.11
v3,P6_ghostgirl,blk09,0.55,0.76,0.655,10.35
v3,P6_ghostgirl,blk10,-0.45,-1.13,0.812,5.67
v3,P6_ghostgirl,blk10,0.45,1.21,0.736,7.77
v3,P6_ghostgirl,blk11,-0.45,-0.65,0.829,5.39
v3,P6_ghostgirl,blk11,0.25,1.02,0.859,5.73
v3,P6_ghostgirl,blk11,0.45,1.9,0.576,12.65
v3,P6_ghostgirl,blk12,-0.45,-0.3,0.87,4.22
v3,P6_ghostgirl,blk12,0.4,0.34,0.83,6.65
v3,P6_ghostgirl,blk13,-0.45,0.4,0.932,3.66
v3,P6_ghostgirl,blk13,0.4,1.42,0.823,7.24
v3,P6_ghostgirl,blk14,-0.55,-0.06,0.922,3.95
v3,P6_ghostgirl,blk14,0.4,0.17,0.889,5.4
v3,P6_ghostgirl,blk15,-0.45,-0.04,0.928,3.6
v3,P6_ghostgirl,blk15,0.4,0.13,0.814,6.32
v3,P6_ghostgirl,blk16,-0.45,0.83,0.872,5.15
v3,P6_ghostgirl,blk16,0.3,-0.59,0.757,6.73
v3,P6_ghostgirl,blk17,-0.45,0.1,0.958,3.1
v3,P6_ghostgirl,blk17,0.25,-0.96,0.859,5.06
v3,P6_ghostgirl,blk17,0.4,0.27,0.736,8.2
v3,P6_ghostgirl,blk18,-0.45,-0.39,0.937,3.53
v3,P6_ghostgirl,blk18,0.2,0.19,0.893,4.36
v3,P6_ghostgirl,blk18,0.3,0.18,0.804,6.0
v3,P6_ghostgirl,blk19,-0.45,-1.17,0.946,3.82
v3,P6_ghostgirl,blk19,0.25,-0.37,0.913,3.93
v3,P6_ghostgirl,blk20,-0.55,-0.33,0.955,3.35
v3,P6_ghostgirl,blk20,0.45,-0.15,0.82,7.07
v3,P6_ghostgirl,blk21,-0.45,0.05,0.933,3.51
v3,P6_ghostgirl,blk21,0.25,-0.59,0.939,3.66
v3,P6_ghostgirl,blk22,-0.45,-0.45,0.961,3.79
v3,P6_ghostgirl,blk22,0.25,0.96,0.912,4.7
v3,P6_ghostgirl,blk23,-0.3,0.6,0.978,2.45
v3,P6_ghostgirl,blk23,0.15,-1.07,0.987,2.28
v3,P6_ghostgirl,blk23,0.3,-1.8,0.958,4.08
v3,P6_ghostgirl,blk24,-0.4,-0.09,0.964,3.74
v3,P6_ghostgirl,blk24,0.2,-0.01,0.988,1.9
v3,P6_ghostgirl,blk25,-0.45,-0.75,0.949,4.94
v3,P6_ghostgirl,blk25,0.25,0.28,0.899,4.31
v3,P6_ghostgirl,blk26,-0.25,-0.35,0.898,3.94
v3,P6_ghostgirl,blk26,0.15,-0.07,0.892,6.98
v3,P6_ghostgirl,blk27,-0.075,-0.3,0.972,2.4
v3,P6_ghostgirl,blk27,-0.25,0.06,0.862,5.13
v3,P6_ghostgirl,blk27,0.05,-0.45,0.995,2.88
v4,P1_crown_topdown,blk00,-0.2,-0.2,0.495,11.62
v4,P1_crown_topdown,blk00,0.25,-0.0,0.561,9.93
v4,P1_crown_topdown,blk01,-0.4,-0.94,0.771,5.97
v4,P1_crown_topdown,blk01,0.25,0.19,0.84,7.12
v4,P1_crown_topdown,blk02,-0.45,1.5,0.551,9.97
v4,P1_crown_topdown,blk02,0.4,-1.04,0.621,10.2
v4,P1_crown_topdown,blk03,-0.3,-0.31,0.96,2.8
v4,P1_crown_topdown,blk03,-0.55,0.01,0.932,3.36
v4,P1_crown_topdown,blk03,0.4,1.04,0.783,8.03
v4,P1_crown_topdown,blk04,-0.3,0.04,0.717,6.96
v4,P1_crown_topdown,blk04,-0.55,0.17,0.675,7.8
v4,P1_crown_topdown,blk04,0.55,2.9,0.736,10.45
v4,P1_crown_topdown,blk05,-0.55,0.72,0.834,5.62
v4,P1_crown_topdown,blk05,0.55,-0.28,0.45,12.18
v4,P1_crown_topdown,blk06,-0.55,1.35,0.29,13.89
v4,P1_crown_topdown,blk06,0.55,2.48,0.467,14.79
v4,P1_crown_topdown,blk07,-0.55,0.5,0.852,6.16
v4,P1_crown_topdown,blk07,0.3,1.14,0.301,14.45
v4,P1_crown_topdown,blk07,0.55,4.25,0.149,17.96
v4,P1_crown_topdown,blk08,-0.3,0.44,0.753,7.02
v4,P1_crown_topdown,blk08,-0.55,0.78,0.71,7.74
v4,P1_crown_topdown,blk08,0.55,3.17,0.357,15.45
v4,P1_crown_topdown,blk09,-0.55,-0.29,0.144,15.18
v4,P1_crown_topdown,blk09,0.55,1.28,0.19,16.91
v4,P1_crown_topdown,blk10,-0.45,2.16,0.3,14.29
v4,P1_crown_topdown,blk10,0.45,-3.52,0.443,12.66
v4,P1_crown_topdown,blk11,-0.45,0.5,0.456,10.8
v4,P1_crown_topdown,blk11,0.25,-0.22,0.596,8.72
v4,P1_crown_topdown,blk11,0.45,-1.78,0.237,14.68
v4,P1_crown_topdown,blk12,-0.45,-1.33,0.634,7.96
v4,P1_crown_topdown,blk12,0.4,2.98,0.295,14.41
v4,P1_crown_topdown,blk13,-0.45,0.64,0.43,11.59
v4,P1_crown_topdown,blk13,0.4,0.82,0.381,11.82
v4,P1_crown_topdown,blk14,-0.55,1.05,0.307,13.2
v4,P1_crown_topdown,blk14,0.4,-0.29,0.297,12.73
v4,P1_crown_topdown,blk15,-0.45,-0.74,0.675,8.1
v4,P1_crown_topdown,blk15,0.4,0.65,0.392,13.17
v4,P1_crown_topdown,blk16,-0.45,-1.06,0.884,5.91
v4,P1_crown_topdown,blk16,0.3,1.53,0.299,15.17
v4,P1_crown_topdown,blk17,-0.45,0.27,0.618,10.86
v4,P1_crown_topdown,blk17,0.25,-1.4,0.453,11.17
v4,P1_crown_topdown,blk17,0.4,-2.29,0.406,11.56
v4,P1_crown_topdown,blk18,-0.45,0.74,0.373,12.18
v4,P1_crown_topdown,blk18,0.2,-0.97,0.709,8.76
v4,P1_crown_topdown,blk18,0.3,-0.96,0.563,11.97
v4,P1_crown_topdown,blk19,-0.45,0.01,0.551,9.16
v4,P1_crown_topdown,blk19,0.25,0.51,0.629,9.46
v4,P1_crown_topdown,blk20,-0.55,0.22,0.646,8.3
v4,P1_crown_topdown,blk20,0.45,0.59,0.84,7.32
v4,P1_crown_topdown,blk21,-0.45,1.84,0.863,6.94
v4,P1_crown_topdown,blk21,0.25,2.07,0.823,7.28
v4,P1_crown_topdown,blk22,-0.45,1.46,0.856,6.29
v4,P1_crown_topdown,blk22,0.25,0.53,0.884,5.68
v4,P1_crown_topdown,blk23,-0.3,2.01,0.92,5.1
v4,P1_crown_topdown,blk23,0.15,-1.25,0.859,4.95
v4,P1_crown_topdown,blk23,0.3,-2.78,0.691,7.83
v4,P1_crown_topdown,blk24,-0.4,1.04,0.917,5.18
v4,P1_crown_topdown,blk24,0.2,-0.24,0.972,2.63
v4,P1_crown_topdown,blk25,-0.45,0.13,0.858,5.75
v4,P1_crown_topdown,blk25,0.25,0.08,0.896,4.57
v4,P1_crown_topdown,blk26,-0.25,-0.11,0.857,4.81
v4,P1_crown_topdown,blk26,0.15,1.63,0.739,9.5
v4,P1_crown_topdown,blk27,-0.075,-0.45,0.953,4.1
v4,P1_crown_topdown,blk27,-0.25,-2.3,0.823,8.57
v4,P1_crown_topdown,blk27,-0.75,-2.67,0.746,10.72
v4,P1_crown_topdown,blk27,0.05,0.15,0.98,3.32
v4,P2_crown_bottomup,blk00,-0.2,0.21,0.745,11.52
v4,P2_crown_bottomup,blk00,0.25,-1.39,0.446,14.46
v4,P2_crown_bottomup,blk01,-0.4,-1.94,0.385,14.6
v4,P2_crown_bottomup,blk01,0.25,-2.02,0.695,12.08
v4,P2_crown_bottomup,blk02,-0.45,-0.05,0.4,15.02
v4,P2_crown_bottomup,blk02,0.4,-2.8,0.538,11.61
v4,P2_crown_bottomup,blk03,-0.3,-1.5,0.682,11.9
v4,P2_crown_bottomup,blk03,-0.55,-1.74,0.559,13.77
v4,P2_crown_bottomup,blk03,0.4,-0.33,0.491,15.15
v4,P2_crown_bottomup,blk04,-0.3,-0.71,0.806,8.37
v4,P2_crown_bottomup,blk04,-0.55,-2.37,0.412,15.42
v4,P2_crown_bottomup,blk04,0.55,0.62,0.363,18.99
v4,P2_crown_bottomup,blk05,-0.55,-0.65,0.611,12.14
v4,P2_crown_bottomup,blk05,0.55,-3.71,0.47,14.95
v4,P2_crown_bottomup,blk06,-0.55,-1.48,0.845,8.12
v4,P2_crown_bottomup,blk06,0.55,-0.36,0.191,20.53
v4,P2_crown_bottomup,blk07,-0.55,-0.72,0.691,11.49
v4,P2_crown_bottomup,blk07,0.3,-1.19,0.399,13.93
v4,P2_crown_bottomup,blk07,0.55,1.31,0.265,20.92
v4,P2_crown_bottomup,blk08,-0.3,-2.14,0.634,12.11
v4,P2_crown_bottomup,blk08,-0.55,-1.36,0.59,13.4
v4,P2_crown_bottomup,blk08,0.55,0.08,0.252,18.32
v4,P2_crown_bottomup,blk09,-0.55,-3.75,0.442,15.38
v4,P2_crown_bottomup,blk09,0.55,-3.3,0.211,18.81
v4,P2_crown_bottomup,blk10,-0.45,-2.24,0.495,15.74
v4,P2_crown_bottomup,blk10,0.45,-5.05,0.299,16.86
v4,P2_crown_bottomup,blk11,-0.45,-0.57,0.472,14.39
v4,P2_crown_bottomup,blk11,0.25,-2.22,0.801,10.49
v4,P2_crown_bottomup,blk11,0.45,-3.77,0.417,15.78
v4,P2_crown_bottomup,blk12,-0.45,-2.81,0.524,14.18
v4,P2_crown_bottomup,blk12,0.4,2.27,0.309,16.9
v4,P2_crown_bottomup,blk13,-0.45,0.63,0.684,11.24
v4,P2_crown_bottomup,blk13,0.4,-1.62,0.407,16.13
v4,P2_crown_bottomup,blk14,-0.55,-0.01,0.659,11.06
v4,P2_crown_bottomup,blk14,0.4,-3.03,0.489,15.04
v4,P2_crown_bottomup,blk15,-0.45,-2.72,0.781,10.2
v4,P2_crown_bottomup,blk15,0.4,1.67,0.569,13.23
v4,P2_crown_bottomup,blk16,-0.45,-2.27,0.66,10.73
v4,P2_crown_bottomup,blk16,0.3,1.22,0.652,12.89
v4,P2_crown_bottomup,blk17,-0.45,-1.7,0.534,13.09
v4,P2_crown_bottomup,blk17,0.25,-2.41,0.478,13.05
v4,P2_crown_bottomup,blk17,0.4,-3.55,0.446,13.73
v4,P2_crown_bottomup,blk18,-0.45,-0.35,0.812,10.29
v4,P2_crown_bottomup,blk18,0.2,-1.64,0.725,10.16
v4,P2_crown_bottomup,blk18,0.3,-2.13,0.681,11.86
v4,P2_crown_bottomup,blk19,-0.45,-2.59,0.596,11.64
v4,P2_crown_bottomup,blk19,0.25,0.44,0.568,13.33
v4,P2_crown_bottomup,blk20,-0.55,0.03,0.769,9.38
v4,P2_crown_bottomup,blk20,0.45,0.01,0.61,11.9
v4,P2_crown_bottomup,blk21,-0.45,1.68,0.774,9.28
v4,P2_crown_bottomup,blk21,0.25,0.83,0.68,10.61
v4,P2_crown_bottomup,blk22,-0.45,0.52,0.855,7.47
v4,P2_crown_bottomup,blk22,0.25,-0.78,0.72,10.15
v4,P2_crown_bottomup,blk23,-0.3,2.38,0.874,7.04
v4,P2_crown_bottomup,blk23,0.15,-1.39,0.946,4.32
v4,P2_crown_bottomup,blk23,0.3,-3.66,0.91,7.13
v4,P2_crown_bottomup,blk24,-0.4,-0.9,0.767,10.21
v4,P2_crown_bottomup,blk24,0.2,-0.52,0.951,4.26
v4,P2_crown_bottomup,blk25,-0.45,-0.05,0.871,6.9
v4,P2_crown_bottomup,blk25,0.25,-0.89,0.857,8.04
v4,P2_crown_bottomup,blk26,-0.25,-1.63,0.718,9.38
v4,P2_crown_bottomup,blk26,0.15,0.26,0.547,15.02
v4,P2_crown_bottomup,blk27,-0.075,-0.15,0.924,5.66
v4,P2_crown_bottomup,blk27,-0.25,-3.19,0.638,12.53
v4,P2_crown_bottomup,blk27,-0.75,-6.28,0.478,16.54
v4,P2_crown_bottomup,blk27,0.05,-0.07,0.985,3.59
v4,P3_crown_rusted,blk00,-0.2,1.56,0.632,11.04
v4,P3_crown_rusted,blk00,0.25,-1.83,0.609,9.46
v4,P3_crown_rusted,blk01,-0.4,-0.5,0.754,6.71
v4,P3_crown_rusted,blk01,0.25,0.02,0.642,9.41
v4,P3_crown_rusted,blk02,-0.45,0.84,0.648,9.48
v4,P3_crown_rusted,blk02,0.4,-0.42,0.83,6.58
v4,P3_crown_rusted,blk03,-0.3,0.86,0.829,6.18
v4,P3_crown_rusted,blk03,-0.55,0.7,0.797,6.94
v4,P3_crown_rusted,blk03,0.4,0.71,0.485,11.48
v4,P3_crown_rusted,blk04,-0.3,0.44,0.877,5.01
v4,P3_crown_rusted,blk04,-0.55,-0.38,0.758,6.79
v4,P3_crown_rusted,blk04,0.55,-0.49,0.599,10.18
v4,P3_crown_rusted,blk05,-0.55,-0.85,0.625,8.7
v4,P3_crown_rusted,blk05,0.55,-2.03,0.452,13.21
v4,P3_crown_rusted,blk06,-0.55,-0.4,0.767,6.88
v4,P3_crown_rusted,blk06,0.55,-1.93,0.398,14.25
v4,P3_crown_rusted,blk07,-0.55,-0.03,0.543,10.97
v4,P3_crown_rusted,blk07,0.3,0.2,0.757,8.04
v4,P3_crown_rusted,blk07,0.55,-1.89,0.417,13.49
v4,P3_crown_rusted,blk08,-0.3,1.55,0.753,8.28
v4,P3_crown_rusted,blk08,-0.55,0.96,0.591,10.33
v4,P3_crown_rusted,blk08,0.55,-0.82,0.379,14.77
v4,P3_crown_rusted,blk09,-0.55,-1.54,0.436,12.35
v4,P3_crown_rusted,blk09,0.55,-2.03,0.251,16.84
v4,P3_crown_rusted,blk10,-0.45,-1.96,0.339,14.54
v4,P3_crown_rusted,blk10,0.45,-4.58,0.364,14.64
v4,P3_crown_rusted,blk11,-0.45,-1.36,0.843,6.46
v4,P3_crown_rusted,blk11,0.25,-0.61,0.734,8.24
v4,P3_crown_rusted,blk11,0.45,-3.46,0.43,12.55
v4,P3_crown_rusted,blk12,-0.45,-2.63,0.488,12.07
v4,P3_crown_rusted,blk12,0.4,3.2,0.578,12.52
v4,P3_crown_rusted,blk13,-0.45,1.03,0.569,10.41
v4,P3_crown_rusted,blk13,0.4,0.1,0.537,11.53
v4,P3_crown_rusted,blk14,-0.55,-0.85,0.807,6.58
v4,P3_crown_rusted,blk14,0.4,1.91,0.445,13.47
v4,P3_crown_rusted,blk15,-0.45,-1.42,0.647,8.76
v4,P3_crown_rusted,blk15,0.4,0.01,0.602,10.3
v4,P3_crown_rusted,blk16,-0.45,-0.39,0.929,4.14
v4,P3_crown_rusted,blk16,0.3,-0.53,0.529,10.92
v4,P3_crown_rusted,blk17,-0.45,-0.49,0.51,11.36
v4,P3_crown_rusted,blk17,0.25,-1.31,0.663,8.99
v4,P3_crown_rusted,blk17,0.4,-2.25,0.598,10.53
v4,P3_crown_rusted,blk18,-0.45,0.41,0.747,7.61
v4,P3_crown_rusted,blk18,0.2,-0.72,0.74,8.19
v4,P3_crown_rusted,blk18,0.3,-2.71,0.561,11.16
v4,P3_crown_rusted,blk19,-0.45,-0.78,0.77,8.34
v4,P3_crown_rusted,blk19,0.25,0.07,0.597,10.64
v4,P3_crown_rusted,blk20,-0.55,-0.02,0.598,10.61
v4,P3_crown_rusted,blk20,0.45,-1.69,0.581,10.9
v4,P3_crown_rusted,blk21,-0.45,1.36,0.806,7.67
v4,P3_crown_rusted,blk21,0.25,2.09,0.787,7.87
v4,P3_crown_rusted,blk22,-0.45,0.54,0.808,7.08
v4,P3_crown_rusted,blk22,0.25,0.24,0.866,5.57
v4,P3_crown_rusted,blk23,-0.3,1.78,0.966,3.82
v4,P3_crown_rusted,blk23,0.15,-1.29,0.961,3.23
v4,P3_crown_rusted,blk23,0.3,-3.31,0.811,7.37
v4,P3_crown_rusted,blk24,-0.4,-0.42,0.918,4.23
v4,P3_crown_rusted,blk24,0.2,-0.29,0.914,3.88
v4,P3_crown_rusted,blk25,-0.45,0.14,0.899,5.08
v4,P3_crown_rusted,blk25,0.25,0.31,0.913,4.59
v4,P3_crown_rusted,blk26,-0.25,-0.77,0.935,3.73
v4,P3_crown_rusted,blk26,0.15,1.23,0.923,6.44
v4,P3_crown_rusted,blk27,-0.075,-0.13,0.983,3.63
v4,P3_crown_rusted,blk27,-0.25,-1.28,0.929,7.81
v4,P3_crown_rusted,blk27,0.05,0.03,0.979,3.52
v4,P4_crown_glass,blk00,-0.2,1.31,0.754,10.63
v4,P4_crown_glass,blk00,0.25,-0.2,0.456,12.94
v4,P4_crown_glass,blk01,-0.4,0.75,0.686,10.08
v4,P4_crown_glass,blk01,0.25,0.0,0.408,14.83
v4,P4_crown_glass,blk02,-0.45,0.39,0.684,10.67
v4,P4_crown_glass,blk02,0.4,-1.14,0.482,13.1
v4,P4_crown_glass,blk03,-0.3,-0.48,0.795,8.45
v4,P4_crown_glass,blk03,-0.55,-0.85,0.801,8.2
v4,P4_crown_glass,blk03,0.4,2.44,0.775,9.88
v4,P4_crown_glass,blk04,-0.3,-0.55,0.63,10.07
v4,P4_crown_glass,blk04,-0.55,-0.07,0.601,11.22
v4,P4_crown_glass,blk04,0.55,1.93,0.601,13.0
v4,P4_crown_glass,blk05,-0.55,0.02,0.675,9.53
v4,P4_crown_glass,blk05,0.55,-1.06,0.421,14.42
v4,P4_crown_glass,blk06,-0.55,-0.97,0.481,13.98
v4,P4_crown_glass,blk06,0.55,0.79,0.372,16.91
v4,P4_crown_glass,blk07,-0.55,-0.91,0.497,13.29
v4,P4_crown_glass,blk07,0.3,1.34,0.647,10.9
v4,P4_crown_glass,blk07,0.55,1.71,0.472,16.6
v4,P4_crown_glass,blk08,-0.3,0.57,0.891,6.01
v4,P4_crown_glass,blk08,-0.55,0.79,0.593,11.59
v4,P4_crown_glass,blk08,0.55,-1.41,0.384,17.31
v4,P4_crown_glass,blk09,-0.55,-0.62,0.427,14.5
v4,P4_crown_glass,blk09,0.55,-2.6,0.277,17.61
v4,P4_crown_glass,blk10,-0.45,-0.12,0.403,15.76
v4,P4_crown_glass,blk10,0.45,-3.52,0.269,16.3
v4,P4_crown_glass,blk11,-0.45,-0.89,0.619,11.58
v4,P4_crown_glass,blk11,0.25,0.16,0.768,9.14
v4,P4_crown_glass,blk11,0.45,-1.12,0.361,15.57
v4,P4_crown_glass,blk12,-0.45,-1.94,0.51,13.58
v4,P4_crown_glass,blk12,0.4,1.96,0.504,13.52
v4,P4_crown_glass,blk13,-0.45,0.47,0.629,11.0
v4,P4_crown_glass,blk13,0.4,1.54,0.502,13.45
v4,P4_crown_glass,blk14,-0.55,-1.11,0.653,11.04
v4,P4_crown_glass,blk14,0.4,3.29,0.462,15.5
v4,P4_crown_glass,blk15,-0.45,-1.31,0.556,10.61
v4,P4_crown_glass,blk15,0.4,2.51,0.55,15.59
v4,P4_crown_glass,blk16,-0.45,-0.94,0.811,7.62
v4,P4_crown_glass,blk16,0.3,0.67,0.577,11.93
v4,P4_crown_glass,blk17,-0.45,-0.15,0.494,13.65
v4,P4_crown_glass,blk17,0.25,-1.25,0.669,9.56
v4,P4_crown_glass,blk17,0.4,-2.07,0.625,11.21
v4,P4_crown_glass,blk18,-0.45,0.53,0.656,10.06
v4,P4_crown_glass,blk18,0.2,-1.17,0.517,13.09
v4,P4_crown_glass,blk18,0.3,-2.05,0.466,14.14
v4,P4_crown_glass,blk19,-0.45,-0.33,0.634,11.08
v4,P4_crown_glass,blk19,0.25,-0.05,0.616,11.73
v4,P4_crown_glass,blk20,-0.55,0.77,0.477,14.01
v4,P4_crown_glass,blk20,0.45,-1.39,0.636,12.52
v4,P4_crown_glass,blk21,-0.45,1.36,0.613,12.24
v4,P4_crown_glass,blk21,0.25,2.68,0.913,6.65
v4,P4_crown_glass,blk22,-0.45,-0.69,0.759,9.47
v4,P4_crown_glass,blk22,0.25,-0.15,0.845,8.01
v4,P4_crown_glass,blk23,-0.3,1.44,0.955,4.39
v4,P4_crown_glass,blk23,0.15,-1.17,0.932,5.11
v4,P4_crown_glass,blk23,0.3,-2.21,0.775,9.13
v4,P4_crown_glass,blk24,-0.4,-0.2,0.942,4.45
v4,P4_crown_glass,blk24,0.2,0.01,0.962,3.98
v4,P4_crown_glass,blk25,-0.45,0.11,0.945,4.9
v4,P4_crown_glass,blk25,0.25,-0.05,0.859,6.71
v4,P4_crown_glass,blk26,-0.25,-0.58,0.875,6.22
v4,P4_crown_glass,blk26,0.15,1.0,0.821,9.61
v4,P4_crown_glass,blk27,-0.075,0.0,0.982,3.57
v4,P4_crown_glass,blk27,-0.25,-0.95,0.925,8.07
v4,P4_crown_glass,blk27,0.05,-0.1,0.989,3.13
v4,P5_comic_panels,blk00,-0.2,0.75,0.905,10.12
v4,P5_comic_panels,blk00,0.25,-0.91,0.896,10.34
v4,P5_comic_panels,blk01,-0.4,-1.23,0.912,8.55
v4,P5_comic_panels,blk01,0.25,0.38,0.92,9.98
v4,P5_comic_panels,blk02,-0.45,1.02,0.928,8.99
v4,P5_comic_panels,blk02,0.4,-0.29,0.882,10.66
v4,P5_comic_panels,blk03,-0.3,-0.08,0.907,9.34
v4,P5_comic_panels,blk03,-0.55,0.2,0.88,11.01
v4,P5_comic_panels,blk03,0.4,0.24,0.806,15.32
v4,P5_comic_panels,blk04,-0.3,-0.35,0.887,10.14
v4,P5_comic_panels,blk04,-0.55,0.08,0.764,16.16
v4,P5_comic_panels,blk04,0.55,2.93,0.71,20.57
v4,P5_comic_panels,blk05,-0.55,0.38,0.923,8.83
v4,P5_comic_panels,blk05,0.55,2.08,0.735,18.4
v4,P5_comic_panels,blk06,-0.55,0.7,0.914,8.92
v4,P5_comic_panels,blk06,0.55,1.55,0.774,16.94
v4,P5_comic_panels,blk07,-0.55,0.27,0.913,9.69
v4,P5_comic_panels,blk07,0.3,0.08,0.914,10.45
v4,P5_comic_panels,blk07,0.55,3.54,0.284,27.14
v4,P5_comic_panels,blk08,-0.3,0.53,0.927,9.17
v4,P5_comic_panels,blk08,-0.55,0.3,0.871,11.7
v4,P5_comic_panels,blk08,0.55,2.35,0.744,19.96
v4,P5_comic_panels,blk09,-0.55,1.93,0.805,15.0
v4,P5_comic_panels,blk09,0.55,1.08,0.645,22.58
v4,P5_comic_panels,blk10,-0.45,1.88,0.813,14.94
v4,P5_comic_panels,blk10,0.45,0.79,0.746,19.51
v4,P5_comic_panels,blk11,-0.45,0.47,0.823,14.2
v4,P5_comic_panels,blk11,0.25,0.79,0.885,11.99
v4,P5_comic_panels,blk11,0.45,2.15,0.385,27.29
v4,P5_comic_panels,blk12,-0.45,0.41,0.912,9.78
v4,P5_comic_panels,blk12,0.4,0.85,0.769,17.61
v4,P5_comic_panels,blk13,-0.45,0.02,0.844,13.07
v4,P5_comic_panels,blk13,0.4,0.58,0.783,17.95
v4,P5_comic_panels,blk14,-0.55,-0.05,0.859,12.16
v4,P5_comic_panels,blk14,0.4,2.24,0.837,15.45
v4,P5_comic_panels,blk15,-0.45,-0.37,0.9,9.8
v4,P5_comic_panels,blk15,0.4,1.36,0.772,17.81
v4,P5_comic_panels,blk16,-0.45,-0.67,0.944,7.72
v4,P5_comic_panels,blk16,0.3,2.83,0.887,14.3
v4,P5_comic_panels,blk17,-0.45,0.9,0.907,11.09
v4,P5_comic_panels,blk17,0.25,-0.93,0.883,11.18
v4,P5_comic_panels,blk17,0.4,0.23,0.411,25.46
v4,P5_comic_panels,blk18,-0.45,-0.36,0.93,9.2
v4,P5_comic_panels,blk18,0.2,0.01,0.934,8.51
v4,P5_comic_panels,blk18,0.3,0.64,0.567,20.19
v4,P5_comic_panels,blk19,-0.45,-0.63,0.93,8.75
v4,P5_comic_panels,blk19,0.25,2.24,0.649,17.81
v4,P5_comic_panels,blk20,-0.55,0.23,0.932,8.95
v4,P5_comic_panels,blk20,0.45,4.0,0.898,13.03
v4,P5_comic_panels,blk21,-0.45,0.33,0.933,9.49
v4,P5_comic_panels,blk21,0.25,1.12,0.911,9.31
v4,P5_comic_panels,blk22,-0.45,0.5,0.956,7.29
v4,P5_comic_panels,blk22,0.25,1.89,0.948,8.1
v4,P5_comic_panels,blk23,-0.3,2.48,0.964,7.44
v4,P5_comic_panels,blk23,0.15,-1.58,0.925,7.54
v4,P5_comic_panels,blk23,0.3,-3.13,0.91,9.6
v4,P5_comic_panels,blk24,-0.4,0.43,0.927,9.64
v4,P5_comic_panels,blk24,0.2,0.65,0.958,7.03
v4,P5_comic_panels,blk25,-0.45,-0.59,0.922,8.69
v4,P5_comic_panels,blk25,0.25,0.35,0.911,10.19
v4,P5_comic_panels,blk26,-0.25,-0.59,0.946,7.64
v4,P5_comic_panels,blk26,0.15,-0.01,0.891,9.47
v4,P5_comic_panels,blk27,-0.075,1.28,0.983,4.44
v4,P5_comic_panels,blk27,-0.25,2.41,0.881,12.85
v4,P5_comic_panels,blk27,0.05,-0.83,0.988,3.67
