group,position,sign,dose,prompt,V,L,delta_out,content
Block_1,end,neg,0.080,P01,1.820229,1.005941,-0.470178,
Block_1,end,neg,0.080,P02,0.546829,1.025312,0.018892,
Block_1,end,neg,0.200,P01,2.875849,1.061451,0.003875,
Block_1,end,neg,0.200,P02,1.372791,1.037565,0.798971,
Block_1,end,neg,0.350,P01,4.035596,1.062822,0.968189,
Block_1,end,neg,0.350,P02,2.098747,1.048889,1.546582,
Block_1,end,neg,0.500,P01,5.986739,1.025569,1.290267,
Block_1,end,neg,0.500,P02,2.539828,1.020777,2.369316,
Block_1,end,pos,0.080,P01,1.001155,0.979286,0.057237,
Block_1,end,pos,0.080,P02,0.486602,0.991202,0.022733,
Block_1,end,pos,0.200,P01,2.377683,0.960063,0.977211,
Block_1,end,pos,0.200,P02,0.683061,0.998935,0.064052,
Block_1,end,pos,0.350,P01,4.44584,1.013947,2.891289,
Block_1,end,pos,0.350,P02,1.960668,1.10395,2.278502,
Block_1,end,pos,0.500,P01,7.120887,1.09126,2.727937,
Block_1,end,pos,0.500,P02,3.838059,1.0576,4.33015,
Block_2,centre,neg,0.080,P01,0.912041,0.995651,-0.392706,
Block_2,centre,neg,0.080,P02,0.196062,1.012294,-0.234607,
Block_2,centre,neg,0.200,P01,1.005166,1.017624,-0.619075,
Block_2,centre,neg,0.200,P02,0.508504,0.976476,-0.535806,
Block_2,centre,neg,0.350,P01,2.125289,1.054198,0.099959,
Block_2,centre,neg,0.350,P02,1.112856,0.979433,-0.204015,
Block_2,centre,neg,0.500,P01,2.281686,1.015563,-0.263698,
Block_2,centre,neg,0.500,P02,1.427235,0.953566,-0.191682,
Block_2,centre,pos,0.080,P01,0.960501,1.017983,-0.252794,
Block_2,centre,pos,0.080,P02,0.301497,1.014176,-0.457786,
Block_2,centre,pos,0.200,P01,1.098591,1.060411,-0.126001,
Block_2,centre,pos,0.200,P02,0.449258,1.019925,-0.546527,
Block_2,centre,pos,0.350,P01,1.907479,1.065314,-0.288254,
Block_2,centre,pos,0.350,P02,0.855545,1.015845,-0.302333,
Block_2,centre,pos,0.500,P01,2.489427,1.191203,0.301211,
Block_2,centre,pos,0.500,P02,1.424376,1.080716,0.686053,
Block_3,centre,neg,0.080,P01,0.805716,1.003542,-0.135528,
Block_3,centre,neg,0.080,P02,0.743435,0.97904,-0.552102,
Block_3,centre,neg,0.200,P01,1.349443,1.006837,-0.109609,
Block_3,centre,neg,0.200,P02,1.249382,0.983801,-0.711247,
Block_3,centre,neg,0.350,P01,2.530783,1.032008,0.429479,
Block_3,centre,neg,0.350,P02,1.981512,0.98773,0.910249,
Block_3,centre,neg,0.500,P01,4.091874,0.951415,-0.200692,
Block_3,centre,neg,0.500,P02,1.799096,0.910364,0.485373,
Block_3,centre,pos,0.080,P01,0.906519,1.022816,-0.023835,
Block_3,centre,pos,0.080,P02,0.386535,0.996743,-0.216771,
Block_3,centre,pos,0.200,P01,2.668571,1.033745,0.261642,
Block_3,centre,pos,0.200,P02,0.840677,0.9611,-0.362064,
Block_3,centre,pos,0.350,P01,3.993832,1.085336,0.258504,
Block_3,centre,pos,0.350,P02,1.833329,0.870916,0.364798,
Block_3,centre,pos,0.500,P01,5.474143,1.077175,-0.30748,
Block_3,centre,pos,0.500,P02,2.485221,0.782654,1.099953,
Block_4,centre,neg,0.080,P01,0.73992,1.007167,-0.238189,
Block_4,centre,neg,0.080,P02,0.57359,1.020112,0.129861,
Block_4,centre,neg,0.200,P01,2.719341,1.031679,-0.993735,
Block_4,centre,neg,0.200,P02,1.203029,1.010079,0.361802,
Block_4,centre,neg,0.350,P01,3.535867,1.080269,1.158384,
Block_4,centre,neg,0.350,P02,1.220446,1.043234,0.758146,
Block_4,centre,neg,0.500,P01,5.134823,1.12616,3.077135,
Block_4,centre,neg,0.500,P02,1.287592,1.049709,1.342396,
Block_4,centre,pos,0.080,P01,1.433895,0.939869,0.51821,
Block_4,centre,pos,0.080,P02,0.69268,1.001708,-0.399146,
Block_4,centre,pos,0.200,P01,2.421861,0.958914,-0.689766,
Block_4,centre,pos,0.200,P02,1.758014,0.987934,0.63607,
Block_4,centre,pos,0.350,P01,7.547584,0.944022,2.205308,
Block_4,centre,pos,0.350,P02,3.605444,0.844994,2.753645,
Block_4,centre,pos,0.500,P01,6.323749,1.35991,1.614281,
Block_4,centre,pos,0.500,P02,3.277891,1.204095,3.035833,
Block_5,centre,neg,0.080,P01,1.357569,1.01432,0.36434,
Block_5,centre,neg,0.080,P02,0.5565,1.003667,0.374061,
Block_5,centre,neg,0.200,P01,1.90171,0.990154,0.795551,
Block_5,centre,neg,0.200,P02,0.711326,1.023997,0.497708,
Block_5,centre,neg,0.350,P01,3.147482,1.042321,0.877977,
Block_5,centre,neg,0.350,P02,1.127243,1.067338,0.631758,
Block_5,centre,neg,0.500,P01,4.1221,1.026408,1.201464,
Block_5,centre,neg,0.500,P02,1.342839,1.068784,0.990231,
Block_5,centre,pos,0.080,P01,2.434005,0.995939,-1.322187,
Block_5,centre,pos,0.080,P02,0.826064,0.999031,-0.525817,
Block_5,centre,pos,0.200,P01,3.183444,0.923023,-1.108837,
Block_5,centre,pos,0.200,P02,1.407692,0.996144,-0.424172,
Block_5,centre,pos,0.350,P01,4.379353,0.735808,0.063696,
Block_5,centre,pos,0.350,P02,2.346312,0.822446,0.341937,
Block_5,centre,pos,0.500,P01,12.28581,0.427593,8.741724,
Block_5,centre,pos,0.500,P02,5.216222,0.426555,7.77045,
Block_6,end,neg,0.080,P01,1.553559,0.931876,-0.001246,
Block_6,end,neg,0.080,P02,0.609356,0.973234,-0.274925,
Block_6,end,neg,0.200,P01,4.482204,0.731537,0.761683,
Block_6,end,neg,0.200,P02,2.329705,0.858605,1.979996,
Block_6,end,neg,0.350,P01,7.676618,0.510818,4.158779,
Block_6,end,neg,0.350,P02,4.189026,0.639946,5.106683,
Block_6,end,neg,0.500,P01,8.076581,0.517077,6.586112,
Block_6,end,neg,0.500,P02,3.953716,0.616154,6.158113,
Block_6,end,pos,0.080,P01,2.450449,1.035396,0.168841,
Block_6,end,pos,0.080,P02,0.948176,1.019838,0.980035,
Block_6,end,pos,0.200,P01,6.428038,0.935663,1.648526,
Block_6,end,pos,0.200,P02,2.584453,0.940231,1.434755,
Block_6,end,pos,0.350,P01,8.273361,0.842569,2.941979,
Block_6,end,pos,0.350,P02,3.597494,0.836375,3.045338,
Block_6,end,pos,0.500,P01,8.252685,0.830799,2.883484,
Block_6,end,pos,0.500,P02,3.820064,0.819977,3.512332,
