sheet,observer,q1,q2
sheet_1024,m1,RIGHT,YES
sheet_1199,m1,LEFT,YES
sheet_1274,m1,LEFT,YES
sheet_1394,m1,LEFT,YES
sheet_1444,m1,LEFT,YES
sheet_2025,m1,RIGHT,YES
sheet_2037,m1,LEFT,YES
sheet_2087,m1,LEFT,YES
sheet_2218,m1,LEFT,YES
sheet_2312,m1,LEFT,YES
sheet_2336,m1,LEFT,YES
sheet_2455,m1,LEFT,YES
sheet_2489,m1,LEFT,YES
sheet_2532,m1,LEFT,YES
sheet_2544,m1,LEFT,YES
sheet_2560,m1,LEFT,YES
sheet_2862,m1,LEFT,YES
sheet_2899,m1,LEFT,YES
sheet_2979,m1,LEFT,YES
sheet_3038,m1,LEFT,YES
sheet_3112,m1,LEFT,YES
sheet_3120,m1,LEFT,YES
sheet_3156,m1,LEFT,YES
sheet_3479,m1,LEFT,YES
sheet_4260,m1,LEFT,YES
sheet_4413,m1,LEFT,YES
sheet_4554,m1,LEFT,YES
sheet_4903,m1,LEFT,YES
sheet_5203,m1,LEFT,YES
sheet_5227,m1,LEFT,YES
sheet_5478,m1,LEFT,YES
sheet_5787,m1,LEFT,YES
sheet_5791,m1,LEFT,YES
sheet_5893,m1,LEFT,YES
sheet_6108,m1,LEFT,YES
sheet_6191,m1,LEFT,YES
sheet_7022,m1,LEFT,YES
sheet_7102,m1,RIGHT,YES
sheet_7315,m1,LEFT,YES
sheet_7429,m1,RIGHT,YES
sheet_7436,m1,LEFT,YES
sheet_7446,m1,LEFT,YES
sheet_7456,m1,LEFT,YES
sheet_7465,m1,LEFT,YES
sheet_7760,m1,LEFT,YES
sheet_7770,m1,LEFT,YES
sheet_7824,m1,LEFT,YES
sheet_7992,m1,LEFT,YES
sheet_8078,m1,LEFT,YES
sheet_8250,m1,LEFT,YES
sheet_8486,m1,LEFT,YES
sheet_8948,m1,RIGHT,YES
sheet_9457,m1,LEFT,YES
sheet_9491,m1,LEFT,YES
sheet_9697,m1,LEFT,YES
sheet_9799,m1,LEFT,YES
