quantity,unit,value
W_held,,0.65314
W_held,,0.49224
W_held,,0.54541
W_held,,0.44118
W_held,,0.48459
W_held,,0.45916
W_held,,0.82502
W_held,,0.52195
W_held,,0.61272
W_held,,0.24061
W_held,,0.33305
W_held,,0.72706
W_cal,,0.82448
W_cal,,0.65225
W_cal,,0.72664
W_cal,,0.64188
W_cal,,0.80953
W_cal,,0.33424
W_cal,,0.47937
W_cal,,0.58296
W_cal,,0.39617
W_cal,,0.85726
W_cal,,0.6158
W_cal,,0.62967
W_cal,,0.38893
W_cal,,0.26181
W_cal,,-0.04062
W_cal,,0.80774
W_cal,,0.53384
W_cal,,0.61164
W_cal,,0.47417
W_cal,,0.78132
W_cal,,0.79197
W_cal,,0.49265
W_cal,,0.48789
W_cal,,0.78317
S,D1_dwarf_paladin,0.72684
S,D1_dwarf_paladin,0.42054
S,D1_dwarf_paladin,0.91563
S,D1_dwarf_paladin,0.43782
S,D1_dwarf_paladin,0.90639
S,D1_dwarf_paladin,0.51767
S,E2_elf_rogue,0.88941
S,E2_elf_rogue,0.96083
S,E2_elf_rogue,0.67088
S,E2_elf_rogue,0.91706
S,E2_elf_rogue,0.67351
S,E2_elf_rogue,0.61681
S,O4_halforc_fighter,0.78805
S,O4_halforc_fighter,0.66618
S,O4_halforc_fighter,0.7634
S,O4_halforc_fighter,0.82558
S,O4_halforc_fighter,0.95612
S,O4_halforc_fighter,0.90008
S,G5_gnome_wizard,0.73766
S,G5_gnome_wizard,0.81515
S,G5_gnome_wizard,0.92428
S,G5_gnome_wizard,0.67999
S,G5_gnome_wizard,0.72583
S,G5_gnome_wizard,0.78528
S,H3_halfling_druid,0.81871
S,H3_halfling_druid,0.79656
S,H3_halfling_druid,0.60256
S,H3_halfling_druid,0.83618
S,H3_halfling_druid,0.74612
S,H3_halfling_druid,0.8236
S,R6_dragonborn_cleric,0.54458
S,R6_dragonborn_cleric,0.81552
S,R6_dragonborn_cleric,0.77356
S,R6_dragonborn_cleric,0.62958
S,R6_dragonborn_cleric,0.678
S,R6_dragonborn_cleric,0.71128
S,T7_tiefling_bard,0.79339
S,T7_tiefling_bard,0.67338
S,T7_tiefling_bard,0.79469
S,T7_tiefling_bard,0.81737
S,T7_tiefling_bard,0.87163
S,T7_tiefling_bard,0.65194
ID_edit,D1_dwarf_paladin|2645751,0.71148
ID_edit,D1_dwarf_paladin|3316624,0.64496
ID_edit,D1_dwarf_paladin|3605551,0.73762
ID_edit,D1_dwarf_paladin|4123105,0.70242
ID_seed,D1_dwarf_paladin,0.79493
ID_edit,E2_elf_rogue|2645751,0.82296
ID_edit,E2_elf_rogue|3316624,0.84476
ID_edit,E2_elf_rogue|3605551,0.72951
ID_edit,E2_elf_rogue|4123105,0.84987
ID_seed,E2_elf_rogue,0.864
ID_edit,O4_halforc_fighter|2645751,0.76205
ID_edit,O4_halforc_fighter|3316624,0.75168
ID_edit,O4_halforc_fighter|3605551,0.63461
ID_edit,O4_halforc_fighter|4123105,0.76436
ID_seed,O4_halforc_fighter,0.7945
ID_edit,H3_halfling_druid|2645751,0.76799
ID_edit,H3_halfling_druid|3316624,0.74168
ID_edit,H3_halfling_druid|3605551,0.72968
ID_edit,H3_halfling_druid|4123105,0.78697
ID_seed,H3_halfling_druid,0.81616
ID_edit,R6_dragonborn_cleric|2645751,0.74014
ID_edit,R6_dragonborn_cleric|3316624,0.69812
ID_edit,R6_dragonborn_cleric|3605551,0.74487
ID_edit,R6_dragonborn_cleric|4123105,0.77258
ID_seed,R6_dragonborn_cleric,0.75079
