row,char,set,seed,cond,vectors_override,prompt_text,sampler,scheduler,steps,cfg,denoise,width,height,output_prefix,expected_filename
0,REPRO_D1_dwarf_paladin,,2236067,baseline,,"Western comics style, close-up portrait, frontal view.
female paladin mountain dwarf, middle-aged, resolute stern expression, thick braided copper hair pinned back, dark brown eyes, a battle-scarred wide nose, polished steel gorget over a navy blue gambeson, high brass collar, a vertical scar running through one eyebrow. white background, simple background.",euler_ancestral,simple,9,1.0,1.0,1024,1280,REPRO_D1_dwarf_paladin_baseline_krea2_seed2236067,REPRO_D1_dwarf_paladin_baseline_krea2_seed2236067_00001_.png
1,D1_dwarf_paladin,calibration,2645751,baseline,,"Western comics style, close-up portrait, frontal view.
female paladin mountain dwarf, middle-aged, resolute stern expression, thick braided copper hair pinned back, dark brown eyes, a battle-scarred wide nose, polished steel gorget over a navy blue gambeson, high brass collar, a vertical scar running through one eyebrow. white background, simple background.",euler_ancestral,simple,9,1.0,1.0,1024,1280,D1_dwarf_paladin_baseline_krea2_seed2645751,D1_dwarf_paladin_baseline_krea2_seed2645751_00001_.png
2,D1_dwarf_paladin,calibration,2645751,preset,"0.000,0.100,0.000,0.000,0.000,0.000,0.000,0.000,0.150,-0.350,0.000,0.050,0.000,0.000,0.100,0.000,0.000,0.000,0.100,-0.100,0.100,0.000,0.000,0.000,-0.100,-0.120,0.000,0.000,0.000,0.000,0.000,0.000,0.000,0.000","Western comics style, close-up portrait, frontal view.
female paladin mountain dwarf, middle-aged, resolute stern expression, thick braided copper hair pinned back, dark brown eyes, a battle-scarred wide nose, polished steel gorget over a navy blue gambeson, high brass collar, a vertical scar running through one eyebrow. white background, simple background.",euler_ancestral,simple,9,1.0,1.0,1024,1280,D1_dwarf_paladin_preset_krea2_seed2645751,D1_dwarf_paladin_preset_krea2_seed2645751_00001_.png
3,D1_dwarf_paladin,calibration,3316624,baseline,,"Western comics style, close-up portrait, frontal view.
female paladin mountain dwarf, middle-aged, resolute stern expression, thick braided copper hair pinned back, dark brown eyes, a battle-scarred wide nose, polished steel gorget over a navy blue gambeson, high brass collar, a vertical scar running through one eyebrow. white background, simple background.",euler_ancestral,simple,9,1.0,1.0,1024,1280,D1_dwarf_paladin_baseline_krea2_seed3316624,D1_dwarf_paladin_baseline_krea2_seed3316624_00001_.png
4,D1_dwarf_paladin,calibration,3316624,preset,"0.000,0.100,0.000,0.000,0.000,0.000,0.000,0.000,0.150,-0.350,0.000,0.050,0.000,0.000,0.100,0.000,0.000,0.000,0.100,-0.100,0.100,0.000,0.000,0.000,-0.100,-0.120,0.000,0.000,0.000,0.000,0.000,0.000,0.000,0.000","Western comics style, close-up portrait, frontal view.
female paladin mountain dwarf, middle-aged, resolute stern expression, thick braided copper hair pinned back, dark brown eyes, a battle-scarred wide nose, polished steel gorget over a navy blue gambeson, high brass collar, a vertical scar running through one eyebrow. white background, simple background.",euler_ancestral,simple,9,1.0,1.0,1024,1280,D1_dwarf_paladin_preset_krea2_seed3316624,D1_dwarf_paladin_preset_krea2_seed3316624_00001_.png
5,D1_dwarf_paladin,calibration,3605551,baseline,,"Western comics style, close-up portrait, frontal view.
female paladin mountain dwarf, middle-aged, resolute stern expression, thick braided copper hair pinned back, dark brown eyes, a battle-scarred wide nose, polished steel gorget over a navy blue gambeson, high brass collar, a vertical scar running through one eyebrow. white background, simple background.",euler_ancestral,simple,9,1.0,1.0,1024,1280,D1_dwarf_paladin_baseline_krea2_seed3605551,D1_dwarf_paladin_baseline_krea2_seed3605551_00001_.png
6,D1_dwarf_paladin,calibration,3605551,preset,"0.000,0.100,0.000,0.000,0.000,0.000,0.000,0.000,0.150,-0.350,0.000,0.050,0.000,0.000,0.100,0.000,0.000,0.000,0.100,-0.100,0.100,0.000,0.000,0.000,-0.100,-0.120,0.000,0.000,0.000,0.000,0.000,0.000,0.000,0.000","Western comics style, close-up portrait, frontal view.
female paladin mountain dwarf, middle-aged, resolute stern expression, thick braided copper hair pinned back, dark brown eyes, a battle-scarred wide nose, polished steel gorget over a navy blue gambeson, high brass collar, a vertical scar running through one eyebrow. white background, simple background.",euler_ancestral,simple,9,1.0,1.0,1024,1280,D1_dwarf_paladin_preset_krea2_seed3605551,D1_dwarf_paladin_preset_krea2_seed3605551_00001_.png
7,D1_dwarf_paladin,calibration,4123105,baseline,,"Western comics style, close-up portrait, frontal view.
female paladin mountain dwarf, middle-aged, resolute stern expression, thick braided copper hair pinned back, dark brown eyes, a battle-scarred wide nose, polished steel gorget over a navy blue gambeson, high brass collar, a vertical scar running through one eyebrow. white background, simple background.",euler_ancestral,simple,9,1.0,1.0,1024,1280,D1_dwarf_paladin_baseline_krea2_seed4123105,D1_dwarf_paladin_baseline_krea2_seed4123105_00001_.png
8,D1_dwarf_paladin,calibration,4123105,preset,"0.000,0.100,0.000,0.000,0.000,0.000,0.000,0.000,0.150,-0.350,0.000,0.050,0.000,0.000,0.100,0.000,0.000,0.000,0.100,-0.100,0.100,0.000,0.000,0.000,-0.100,-0.120,0.000,0.000,0.000,0.000,0.000,0.000,0.000,0.000","Western comics style, close-up portrait, frontal view.
female paladin mountain dwarf, middle-aged, resolute stern expression, thick braided copper hair pinned back, dark brown eyes, a battle-scarred wide nose, polished steel gorget over a navy blue gambeson, high brass collar, a vertical scar running through one eyebrow. white background, simple background.",euler_ancestral,simple,9,1.0,1.0,1024,1280,D1_dwarf_paladin_preset_krea2_seed4123105,D1_dwarf_paladin_preset_krea2_seed4123105_00001_.png
9,E2_elf_rogue,calibration,2645751,baseline,,"Western comics style, close-up portrait, frontal view.
non-binary rogue wood elf, young adult, smug lopsided smirk, undercut asymmetrical raven hair, sharp amber eyes, prominent cheekbones, dark forest green hooded leather cowl, brass buckles, high-collared charcoal tunic, a single dangling feather earring. white background, simple background.",euler_ancestral,simple,9,1.0,1.0,1024,1280,E2_elf_rogue_baseline_krea2_seed2645751,E2_elf_rogue_baseline_krea2_seed2645751_00001_.png
10,E2_elf_rogue,calibration,2645751,preset,"0.000,0.100,0.000,0.000,0.000,0.000,0.000,0.000,0.150,-0.350,0.000,0.050,0.000,0.000,0.100,0.000,0.000,0.000,0.100,-0.100,0.100,0.000,0.000,0.000,-0.100,-0.120,0.000,0.000,0.000,0.000,0.000,0.000,0.000,0.000","Western comics style, close-up portrait, frontal view.
non-binary rogue wood elf, young adult, smug lopsided smirk, undercut asymmetrical raven hair, sharp amber eyes, prominent cheekbones, dark forest green hooded leather cowl, brass buckles, high-collared charcoal tunic, a single dangling feather earring. white background, simple background.",euler_ancestral,simple,9,1.0,1.0,1024,1280,E2_elf_rogue_preset_krea2_seed2645751,E2_elf_rogue_preset_krea2_seed2645751_00001_.png
11,E2_elf_rogue,calibration,3316624,baseline,,"Western comics style, close-up portrait, frontal view.
non-binary rogue wood elf, young adult, smug lopsided smirk, undercut asymmetrical raven hair, sharp amber eyes, prominent cheekbones, dark forest green hooded leather cowl, brass buckles, high-collared charcoal tunic, a single dangling feather earring. white background, simple background.",euler_ancestral,simple,9,1.0,1.0,1024,1280,E2_elf_rogue_baseline_krea2_seed3316624,E2_elf_rogue_baseline_krea2_seed3316624_00001_.png
12,E2_elf_rogue,calibration,3316624,preset,"0.000,0.100,0.000,0.000,0.000,0.000,0.000,0.000,0.150,-0.350,0.000,0.050,0.000,0.000,0.100,0.000,0.000,0.000,0.100,-0.100,0.100,0.000,0.000,0.000,-0.100,-0.120,0.000,0.000,0.000,0.000,0.000,0.000,0.000,0.000","Western comics style, close-up portrait, frontal view.
non-binary rogue wood elf, young adult, smug lopsided smirk, undercut asymmetrical raven hair, sharp amber eyes, prominent cheekbones, dark forest green hooded leather cowl, brass buckles, high-collared charcoal tunic, a single dangling feather earring. white background, simple background.",euler_ancestral,simple,9,1.0,1.0,1024,1280,E2_elf_rogue_preset_krea2_seed3316624,E2_elf_rogue_preset_krea2_seed3316624_00001_.png
13,E2_elf_rogue,calibration,3605551,baseline,,"Western comics style, close-up portrait, frontal view.
non-binary rogue wood elf, young adult, smug lopsided smirk, undercut asymmetrical raven hair, sharp amber eyes, prominent cheekbones, dark forest green hooded leather cowl, brass buckles, high-collared charcoal tunic, a single dangling feather earring. white background, simple background.",euler_ancestral,simple,9,1.0,1.0,1024,1280,E2_elf_rogue_baseline_krea2_seed3605551,E2_elf_rogue_baseline_krea2_seed3605551_00001_.png
14,E2_elf_rogue,calibration,3605551,preset,"0.000,0.100,0.000,0.000,0.000,0.000,0.000,0.000,0.150,-0.350,0.000,0.050,0.000,0.000,0.100,0.000,0.000,0.000,0.100,-0.100,0.100,0.000,0.000,0.000,-0.100,-0.120,0.000,0.000,0.000,0.000,0.000,0.000,0.000,0.000","Western comics style, close-up portrait, frontal view.
non-binary rogue wood elf, young adult, smug lopsided smirk, undercut asymmetrical raven hair, sharp amber eyes, prominent cheekbones, dark forest green hooded leather cowl, brass buckles, high-collared charcoal tunic, a single dangling feather earring. white background, simple background.",euler_ancestral,simple,9,1.0,1.0,1024,1280,E2_elf_rogue_preset_krea2_seed3605551,E2_elf_rogue_preset_krea2_seed3605551_00001_.png
15,E2_elf_rogue,calibration,4123105,baseline,,"Western comics style, close-up portrait, frontal view.
non-binary rogue wood elf, young adult, smug lopsided smirk, undercut asymmetrical raven hair, sharp amber eyes, prominent cheekbones, dark forest green hooded leather cowl, brass buckles, high-collared charcoal tunic, a single dangling feather earring. white background, simple background.",euler_ancestral,simple,9,1.0,1.0,1024,1280,E2_elf_rogue_baseline_krea2_seed4123105,E2_elf_rogue_baseline_krea2_seed4123105_00001_.png
16,E2_elf_rogue,calibration,4123105,preset,"0.000,0.100,0.000,0.000,0.000,0.000,0.000,0.000,0.150,-0.350,0.000,0.050,0.000,0.000,0.100,0.000,0.000,0.000,0.100,-0.100,0.100,0.000,0.000,0.000,-0.100,-0.120,0.000,0.000,0.000,0.000,0.000,0.000,0.000,0.000","Western comics style, close-up portrait, frontal view.
non-binary rogue wood elf, young adult, smug lopsided smirk, undercut asymmetrical raven hair, sharp amber eyes, prominent cheekbones, dark forest green hooded leather cowl, brass buckles, high-collared charcoal tunic, a single dangling feather earring. white background, simple background.",euler_ancestral,simple,9,1.0,1.0,1024,1280,E2_elf_rogue_preset_krea2_seed4123105,E2_elf_rogue_preset_krea2_seed4123105_00001_.png
17,O4_halforc_fighter,calibration,2645751,baseline,,"Western comics style, close-up portrait, frontal view.
female fighter half-orc, young adult, fierce defiant snarl, shorn faded undercut with a tight black warrior knot, piercing pale grey eyes, lower tusks jutting past chiseled lips, oxidized bronze scale-mail collar over a burgundy quilted jack, fresh dirt smudges across the bridge of the nose. white background, simple background.",euler_ancestral,simple,9,1.0,1.0,1024,1280,O4_halforc_fighter_baseline_krea2_seed2645751,O4_halforc_fighter_baseline_krea2_seed2645751_00001_.png
18,O4_halforc_fighter,calibration,2645751,preset,"0.000,0.100,0.000,0.000,0.000,0.000,0.000,0.000,0.150,-0.350,0.000,0.050,0.000,0.000,0.100,0.000,0.000,0.000,0.100,-0.100,0.100,0.000,0.000,0.000,-0.100,-0.120,0.000,0.000,0.000,0.000,0.000,0.000,0.000,0.000","Western comics style, close-up portrait, frontal view.
female fighter half-orc, young adult, fierce defiant snarl, shorn faded undercut with a tight black warrior knot, piercing pale grey eyes, lower tusks jutting past chiseled lips, oxidized bronze scale-mail collar over a burgundy quilted jack, fresh dirt smudges across the bridge of the nose. white background, simple background.",euler_ancestral,simple,9,1.0,1.0,1024,1280,O4_halforc_fighter_preset_krea2_seed2645751,O4_halforc_fighter_preset_krea2_seed2645751_00001_.png
19,O4_halforc_fighter,calibration,3316624,baseline,,"Western comics style, close-up portrait, frontal view.
female fighter half-orc, young adult, fierce defiant snarl, shorn faded undercut with a tight black warrior knot, piercing pale grey eyes, lower tusks jutting past chiseled lips, oxidized bronze scale-mail collar over a burgundy quilted jack, fresh dirt smudges across the bridge of the nose. white background, simple background.",euler_ancestral,simple,9,1.0,1.0,1024,1280,O4_halforc_fighter_baseline_krea2_seed3316624,O4_halforc_fighter_baseline_krea2_seed3316624_00001_.png
20,O4_halforc_fighter,calibration,3316624,preset,"0.000,0.100,0.000,0.000,0.000,0.000,0.000,0.000,0.150,-0.350,0.000,0.050,0.000,0.000,0.100,0.000,0.000,0.000,0.100,-0.100,0.100,0.000,0.000,0.000,-0.100,-0.120,0.000,0.000,0.000,0.000,0.000,0.000,0.000,0.000","Western comics style, close-up portrait, frontal view.
female fighter half-orc, young adult, fierce defiant snarl, shorn faded undercut with a tight black warrior knot, piercing pale grey eyes, lower tusks jutting past chiseled lips, oxidized bronze scale-mail collar over a burgundy quilted jack, fresh dirt smudges across the bridge of the nose. white background, simple background.",euler_ancestral,simple,9,1.0,1.0,1024,1280,O4_halforc_fighter_preset_krea2_seed3316624,O4_halforc_fighter_preset_krea2_seed3316624_00001_.png
21,O4_halforc_fighter,calibration,3605551,baseline,,"Western comics style, close-up portrait, frontal view.
female fighter half-orc, young adult, fierce defiant snarl, shorn faded undercut with a tight black warrior knot, piercing pale grey eyes, lower tusks jutting past chiseled lips, oxidized bronze scale-mail collar over a burgundy quilted jack, fresh dirt smudges across the bridge of the nose. white background, simple background.",euler_ancestral,simple,9,1.0,1.0,1024,1280,O4_halforc_fighter_baseline_krea2_seed3605551,O4_halforc_fighter_baseline_krea2_seed3605551_00001_.png
22,O4_halforc_fighter,calibration,3605551,preset,"0.000,0.100,0.000,0.000,0.000,0.000,0.000,0.000,0.150,-0.350,0.000,0.050,0.000,0.000,0.100,0.000,0.000,0.000,0.100,-0.100,0.100,0.000,0.000,0.000,-0.100,-0.120,0.000,0.000,0.000,0.000,0.000,0.000,0.000,0.000","Western comics style, close-up portrait, frontal view.
female fighter half-orc, young adult, fierce defiant snarl, shorn faded undercut with a tight black warrior knot, piercing pale grey eyes, lower tusks jutting past chiseled lips, oxidized bronze scale-mail collar over a burgundy quilted jack, fresh dirt smudges across the bridge of the nose. white background, simple background.",euler_ancestral,simple,9,1.0,1.0,1024,1280,O4_halforc_fighter_preset_krea2_seed3605551,O4_halforc_fighter_preset_krea2_seed3605551_00001_.png
23,O4_halforc_fighter,calibration,4123105,baseline,,"Western comics style, close-up portrait, frontal view.
female fighter half-orc, young adult, fierce defiant snarl, shorn faded undercut with a tight black warrior knot, piercing pale grey eyes, lower tusks jutting past chiseled lips, oxidized bronze scale-mail collar over a burgundy quilted jack, fresh dirt smudges across the bridge of the nose. white background, simple background.",euler_ancestral,simple,9,1.0,1.0,1024,1280,O4_halforc_fighter_baseline_krea2_seed4123105,O4_halforc_fighter_baseline_krea2_seed4123105_00001_.png
24,O4_halforc_fighter,calibration,4123105,preset,"0.000,0.100,0.000,0.000,0.000,0.000,0.000,0.000,0.150,-0.350,0.000,0.050,0.000,0.000,0.100,0.000,0.000,0.000,0.100,-0.100,0.100,0.000,0.000,0.000,-0.100,-0.120,0.000,0.000,0.000,0.000,0.000,0.000,0.000,0.000","Western comics style, close-up portrait, frontal view.
female fighter half-orc, young adult, fierce defiant snarl, shorn faded undercut with a tight black warrior knot, piercing pale grey eyes, lower tusks jutting past chiseled lips, oxidized bronze scale-mail collar over a burgundy quilted jack, fresh dirt smudges across the bridge of the nose. white background, simple background.",euler_ancestral,simple,9,1.0,1.0,1024,1280,O4_halforc_fighter_preset_krea2_seed4123105,O4_halforc_fighter_preset_krea2_seed4123105_00001_.png
25,G5_gnome_wizard,calibration,2645751,baseline,,"Western comics style, close-up portrait, frontal view.
male wizard forest gnome, elderly, wide-eyed manic curiosity, swept-back pointed white eyebrows and bristling pointed goatee, vivid turquoise eyes magnified behind round brass-rimmed spectacles, plum purple velvet scholar robes, stiff embroidered gold filigree collar, faintly glowing arcane chalk dust on cheekbones. white background, simple background.",euler_ancestral,simple,9,1.0,1.0,1024,1280,G5_gnome_wizard_baseline_krea2_seed2645751,G5_gnome_wizard_baseline_krea2_seed2645751_00001_.png
26,G5_gnome_wizard,calibration,2645751,preset,"0.000,0.100,0.000,0.000,0.000,0.000,0.000,0.000,0.150,-0.350,0.000,0.050,0.000,0.000,0.100,0.000,0.000,0.000,0.100,-0.100,0.100,0.000,0.000,0.000,-0.100,-0.120,0.000,0.000,0.000,0.000,0.000,0.000,0.000,0.000","Western comics style, close-up portrait, frontal view.
male wizard forest gnome, elderly, wide-eyed manic curiosity, swept-back pointed white eyebrows and bristling pointed goatee, vivid turquoise eyes magnified behind round brass-rimmed spectacles, plum purple velvet scholar robes, stiff embroidered gold filigree collar, faintly glowing arcane chalk dust on cheekbones. white background, simple background.",euler_ancestral,simple,9,1.0,1.0,1024,1280,G5_gnome_wizard_preset_krea2_seed2645751,G5_gnome_wizard_preset_krea2_seed2645751_00001_.png
27,G5_gnome_wizard,calibration,3316624,baseline,,"Western comics style, close-up portrait, frontal view.
male wizard forest gnome, elderly, wide-eyed manic curiosity, swept-back pointed white eyebrows and bristling pointed goatee, vivid turquoise eyes magnified behind round brass-rimmed spectacles, plum purple velvet scholar robes, stiff embroidered gold filigree collar, faintly glowing arcane chalk dust on cheekbones. white background, simple background.",euler_ancestral,simple,9,1.0,1.0,1024,1280,G5_gnome_wizard_baseline_krea2_seed3316624,G5_gnome_wizard_baseline_krea2_seed3316624_00001_.png
28,G5_gnome_wizard,calibration,3316624,preset,"0.000,0.100,0.000,0.000,0.000,0.000,0.000,0.000,0.150,-0.350,0.000,0.050,0.000,0.000,0.100,0.000,0.000,0.000,0.100,-0.100,0.100,0.000,0.000,0.000,-0.100,-0.120,0.000,0.000,0.000,0.000,0.000,0.000,0.000,0.000","Western comics style, close-up portrait, frontal view.
male wizard forest gnome, elderly, wide-eyed manic curiosity, swept-back pointed white eyebrows and bristling pointed goatee, vivid turquoise eyes magnified behind round brass-rimmed spectacles, plum purple velvet scholar robes, stiff embroidered gold filigree collar, faintly glowing arcane chalk dust on cheekbones. white background, simple background.",euler_ancestral,simple,9,1.0,1.0,1024,1280,G5_gnome_wizard_preset_krea2_seed3316624,G5_gnome_wizard_preset_krea2_seed3316624_00001_.png
29,G5_gnome_wizard,calibration,3605551,baseline,,"Western comics style, close-up portrait, frontal view.
male wizard forest gnome, elderly, wide-eyed manic curiosity, swept-back pointed white eyebrows and bristling pointed goatee, vivid turquoise eyes magnified behind round brass-rimmed spectacles, plum purple velvet scholar robes, stiff embroidered gold filigree collar, faintly glowing arcane chalk dust on cheekbones. white background, simple background.",euler_ancestral,simple,9,1.0,1.0,1024,1280,G5_gnome_wizard_baseline_krea2_seed3605551,G5_gnome_wizard_baseline_krea2_seed3605551_00001_.png
30,G5_gnome_wizard,calibration,3605551,preset,"0.000,0.100,0.000,0.000,0.000,0.000,0.000,0.000,0.150,-0.350,0.000,0.050,0.000,0.000,0.100,0.000,0.000,0.000,0.100,-0.100,0.100,0.000,0.000,0.000,-0.100,-0.120,0.000,0.000,0.000,0.000,0.000,0.000,0.000,0.000","Western comics style, close-up portrait, frontal view.
male wizard forest gnome, elderly, wide-eyed manic curiosity, swept-back pointed white eyebrows and bristling pointed goatee, vivid turquoise eyes magnified behind round brass-rimmed spectacles, plum purple velvet scholar robes, stiff embroidered gold filigree collar, faintly glowing arcane chalk dust on cheekbones. white background, simple background.",euler_ancestral,simple,9,1.0,1.0,1024,1280,G5_gnome_wizard_preset_krea2_seed3605551,G5_gnome_wizard_preset_krea2_seed3605551_00001_.png
31,G5_gnome_wizard,calibration,4123105,baseline,,"Western comics style, close-up portrait, frontal view.
male wizard forest gnome, elderly, wide-eyed manic curiosity, swept-back pointed white eyebrows and bristling pointed goatee, vivid turquoise eyes magnified behind round brass-rimmed spectacles, plum purple velvet scholar robes, stiff embroidered gold filigree collar, faintly glowing arcane chalk dust on cheekbones. white background, simple background.",euler_ancestral,simple,9,1.0,1.0,1024,1280,G5_gnome_wizard_baseline_krea2_seed4123105,G5_gnome_wizard_baseline_krea2_seed4123105_00001_.png
32,G5_gnome_wizard,calibration,4123105,preset,"0.000,0.100,0.000,0.000,0.000,0.000,0.000,0.000,0.150,-0.350,0.000,0.050,0.000,0.000,0.100,0.000,0.000,0.000,0.100,-0.100,0.100,0.000,0.000,0.000,-0.100,-0.120,0.000,0.000,0.000,0.000,0.000,0.000,0.000,0.000","Western comics style, close-up portrait, frontal view.
male wizard forest gnome, elderly, wide-eyed manic curiosity, swept-back pointed white eyebrows and bristling pointed goatee, vivid turquoise eyes magnified behind round brass-rimmed spectacles, plum purple velvet scholar robes, stiff embroidered gold filigree collar, faintly glowing arcane chalk dust on cheekbones. white background, simple background.",euler_ancestral,simple,9,1.0,1.0,1024,1280,G5_gnome_wizard_preset_krea2_seed4123105,G5_gnome_wizard_preset_krea2_seed4123105_00001_.png
33,H3_halfling_druid,held_out,2645751,baseline,,"Western comics style, close-up portrait, frontal view.
male druid lightfoot halfling, elderly, serene contemplative expression, unruly white curls and bushy mutton chops, warm hazel eyes framed by deep crow's feet, a button nose, coarse woven ochre wool poncho, woven vine neckpiece, small dried sprigs tucked behind rounded ears. white background, simple background.",euler_ancestral,simple,9,1.0,1.0,1024,1280,H3_halfling_druid_baseline_krea2_seed2645751,H3_halfling_druid_baseline_krea2_seed2645751_00001_.png
34,H3_halfling_druid,held_out,2645751,preset,"0.000,0.100,0.000,0.000,0.000,0.000,0.000,0.000,0.150,-0.350,0.000,0.050,0.000,0.000,0.100,0.000,0.000,0.000,0.100,-0.100,0.100,0.000,0.000,0.000,-0.100,-0.120,0.000,0.000,0.000,0.000,0.000,0.000,0.000,0.000","Western comics style, close-up portrait, frontal view.
male druid lightfoot halfling, elderly, serene contemplative expression, unruly white curls and bushy mutton chops, warm hazel eyes framed by deep crow's feet, a button nose, coarse woven ochre wool poncho, woven vine neckpiece, small dried sprigs tucked behind rounded ears. white background, simple background.",euler_ancestral,simple,9,1.0,1.0,1024,1280,H3_halfling_druid_preset_krea2_seed2645751,H3_halfling_druid_preset_krea2_seed2645751_00001_.png
35,H3_halfling_druid,held_out,3316624,baseline,,"Western comics style, close-up portrait, frontal view.
male druid lightfoot halfling, elderly, serene contemplative expression, unruly white curls and bushy mutton chops, warm hazel eyes framed by deep crow's feet, a button nose, coarse woven ochre wool poncho, woven vine neckpiece, small dried sprigs tucked behind rounded ears. white background, simple background.",euler_ancestral,simple,9,1.0,1.0,1024,1280,H3_halfling_druid_baseline_krea2_seed3316624,H3_halfling_druid_baseline_krea2_seed3316624_00001_.png
36,H3_halfling_druid,held_out,3316624,preset,"0.000,0.100,0.000,0.000,0.000,0.000,0.000,0.000,0.150,-0.350,0.000,0.050,0.000,0.000,0.100,0.000,0.000,0.000,0.100,-0.100,0.100,0.000,0.000,0.000,-0.100,-0.120,0.000,0.000,0.000,0.000,0.000,0.000,0.000,0.000","Western comics style, close-up portrait, frontal view.
male druid lightfoot halfling, elderly, serene contemplative expression, unruly white curls and bushy mutton chops, warm hazel eyes framed by deep crow's feet, a button nose, coarse woven ochre wool poncho, woven vine neckpiece, small dried sprigs tucked behind rounded ears. white background, simple background.",euler_ancestral,simple,9,1.0,1.0,1024,1280,H3_halfling_druid_preset_krea2_seed3316624,H3_halfling_druid_preset_krea2_seed3316624_00001_.png
37,H3_halfling_druid,held_out,3605551,baseline,,"Western comics style, close-up portrait, frontal view.
male druid lightfoot halfling, elderly, serene contemplative expression, unruly white curls and bushy mutton chops, warm hazel eyes framed by deep crow's feet, a button nose, coarse woven ochre wool poncho, woven vine neckpiece, small dried sprigs tucked behind rounded ears. white background, simple background.",euler_ancestral,simple,9,1.0,1.0,1024,1280,H3_halfling_druid_baseline_krea2_seed3605551,H3_halfling_druid_baseline_krea2_seed3605551_00001_.png
38,H3_halfling_druid,held_out,3605551,preset,"0.000,0.100,0.000,0.000,0.000,0.000,0.000,0.000,0.150,-0.350,0.000,0.050,0.000,0.000,0.100,0.000,0.000,0.000,0.100,-0.100,0.100,0.000,0.000,0.000,-0.100,-0.120,0.000,0.000,0.000,0.000,0.000,0.000,0.000,0.000","Western comics style, close-up portrait, frontal view.
male druid lightfoot halfling, elderly, serene contemplative expression, unruly white curls and bushy mutton chops, warm hazel eyes framed by deep crow's feet, a button nose, coarse woven ochre wool poncho, woven vine neckpiece, small dried sprigs tucked behind rounded ears. white background, simple background.",euler_ancestral,simple,9,1.0,1.0,1024,1280,H3_halfling_druid_preset_krea2_seed3605551,H3_halfling_druid_preset_krea2_seed3605551_00001_.png
39,H3_halfling_druid,held_out,4123105,baseline,,"Western comics style, close-up portrait, frontal view.
male druid lightfoot halfling, elderly, serene contemplative expression, unruly white curls and bushy mutton chops, warm hazel eyes framed by deep crow's feet, a button nose, coarse woven ochre wool poncho, woven vine neckpiece, small dried sprigs tucked behind rounded ears. white background, simple background.",euler_ancestral,simple,9,1.0,1.0,1024,1280,H3_halfling_druid_baseline_krea2_seed4123105,H3_halfling_druid_baseline_krea2_seed4123105_00001_.png
40,H3_halfling_druid,held_out,4123105,preset,"0.000,0.100,0.000,0.000,0.000,0.000,0.000,0.000,0.150,-0.350,0.000,0.050,0.000,0.000,0.100,0.000,0.000,0.000,0.100,-0.100,0.100,0.000,0.000,0.000,-0.100,-0.120,0.000,0.000,0.000,0.000,0.000,0.000,0.000,0.000","Western comics style, close-up portrait, frontal view.
male druid lightfoot halfling, elderly, serene contemplative expression, unruly white curls and bushy mutton chops, warm hazel eyes framed by deep crow's feet, a button nose, coarse woven ochre wool poncho, woven vine neckpiece, small dried sprigs tucked behind rounded ears. white background, simple background.",euler_ancestral,simple,9,1.0,1.0,1024,1280,H3_halfling_druid_preset_krea2_seed4123105,H3_halfling_druid_preset_krea2_seed4123105_00001_.png
41,R6_dragonborn_cleric,held_out,2645751,baseline,,"Western comics style, close-up portrait, frontal view.
female cleric bronze dragonborn, middle-aged, calm dignified gaze, blunt horned crests swept backward over metallic bronze-scaled brow, slit-pupil golden eyes, blunt draconic snout, ivory ceremonial stole draped over an ornate teal mantle, heavy iron holy symbol resting at the throat collar. white background, simple background.",euler_ancestral,simple,9,1.0,1.0,1024,1280,R6_dragonborn_cleric_baseline_krea2_seed2645751,R6_dragonborn_cleric_baseline_krea2_seed2645751_00001_.png
42,R6_dragonborn_cleric,held_out,2645751,preset,"0.000,0.100,0.000,0.000,0.000,0.000,0.000,0.000,0.150,-0.350,0.000,0.050,0.000,0.000,0.100,0.000,0.000,0.000,0.100,-0.100,0.100,0.000,0.000,0.000,-0.100,-0.120,0.000,0.000,0.000,0.000,0.000,0.000,0.000,0.000","Western comics style, close-up portrait, frontal view.
female cleric bronze dragonborn, middle-aged, calm dignified gaze, blunt horned crests swept backward over metallic bronze-scaled brow, slit-pupil golden eyes, blunt draconic snout, ivory ceremonial stole draped over an ornate teal mantle, heavy iron holy symbol resting at the throat collar. white background, simple background.",euler_ancestral,simple,9,1.0,1.0,1024,1280,R6_dragonborn_cleric_preset_krea2_seed2645751,R6_dragonborn_cleric_preset_krea2_seed2645751_00001_.png
43,R6_dragonborn_cleric,held_out,3316624,baseline,,"Western comics style, close-up portrait, frontal view.
female cleric bronze dragonborn, middle-aged, calm dignified gaze, blunt horned crests swept backward over metallic bronze-scaled brow, slit-pupil golden eyes, blunt draconic snout, ivory ceremonial stole draped over an ornate teal mantle, heavy iron holy symbol resting at the throat collar. white background, simple background.",euler_ancestral,simple,9,1.0,1.0,1024,1280,R6_dragonborn_cleric_baseline_krea2_seed3316624,R6_dragonborn_cleric_baseline_krea2_seed3316624_00001_.png
44,R6_dragonborn_cleric,held_out,3316624,preset,"0.000,0.100,0.000,0.000,0.000,0.000,0.000,0.000,0.150,-0.350,0.000,0.050,0.000,0.000,0.100,0.000,0.000,0.000,0.100,-0.100,0.100,0.000,0.000,0.000,-0.100,-0.120,0.000,0.000,0.000,0.000,0.000,0.000,0.000,0.000","Western comics style, close-up portrait, frontal view.
female cleric bronze dragonborn, middle-aged, calm dignified gaze, blunt horned crests swept backward over metallic bronze-scaled brow, slit-pupil golden eyes, blunt draconic snout, ivory ceremonial stole draped over an ornate teal mantle, heavy iron holy symbol resting at the throat collar. white background, simple background.",euler_ancestral,simple,9,1.0,1.0,1024,1280,R6_dragonborn_cleric_preset_krea2_seed3316624,R6_dragonborn_cleric_preset_krea2_seed3316624_00001_.png
45,R6_dragonborn_cleric,held_out,3605551,baseline,,"Western comics style, close-up portrait, frontal view.
female cleric bronze dragonborn, middle-aged, calm dignified gaze, blunt horned crests swept backward over metallic bronze-scaled brow, slit-pupil golden eyes, blunt draconic snout, ivory ceremonial stole draped over an ornate teal mantle, heavy iron holy symbol resting at the throat collar. white background, simple background.",euler_ancestral,simple,9,1.0,1.0,1024,1280,R6_dragonborn_cleric_baseline_krea2_seed3605551,R6_dragonborn_cleric_baseline_krea2_seed3605551_00001_.png
46,R6_dragonborn_cleric,held_out,3605551,preset,"0.000,0.100,0.000,0.000,0.000,0.000,0.000,0.000,0.150,-0.350,0.000,0.050,0.000,0.000,0.100,0.000,0.000,0.000,0.100,-0.100,0.100,0.000,0.000,0.000,-0.100,-0.120,0.000,0.000,0.000,0.000,0.000,0.000,0.000,0.000","Western comics style, close-up portrait, frontal view.
female cleric bronze dragonborn, middle-aged, calm dignified gaze, blunt horned crests swept backward over metallic bronze-scaled brow, slit-pupil golden eyes, blunt draconic snout, ivory ceremonial stole draped over an ornate teal mantle, heavy iron holy symbol resting at the throat collar. white background, simple background.",euler_ancestral,simple,9,1.0,1.0,1024,1280,R6_dragonborn_cleric_preset_krea2_seed3605551,R6_dragonborn_cleric_preset_krea2_seed3605551_00001_.png
47,R6_dragonborn_cleric,held_out,4123105,baseline,,"Western comics style, close-up portrait, frontal view.
female cleric bronze dragonborn, middle-aged, calm dignified gaze, blunt horned crests swept backward over metallic bronze-scaled brow, slit-pupil golden eyes, blunt draconic snout, ivory ceremonial stole draped over an ornate teal mantle, heavy iron holy symbol resting at the throat collar. white background, simple background.",euler_ancestral,simple,9,1.0,1.0,1024,1280,R6_dragonborn_cleric_baseline_krea2_seed4123105,R6_dragonborn_cleric_baseline_krea2_seed4123105_00001_.png
48,R6_dragonborn_cleric,held_out,4123105,preset,"0.000,0.100,0.000,0.000,0.000,0.000,0.000,0.000,0.150,-0.350,0.000,0.050,0.000,0.000,0.100,0.000,0.000,0.000,0.100,-0.100,0.100,0.000,0.000,0.000,-0.100,-0.120,0.000,0.000,0.000,0.000,0.000,0.000,0.000,0.000","Western comics style, close-up portrait, frontal view.
female cleric bronze dragonborn, middle-aged, calm dignified gaze, blunt horned crests swept backward over metallic bronze-scaled brow, slit-pupil golden eyes, blunt draconic snout, ivory ceremonial stole draped over an ornate teal mantle, heavy iron holy symbol resting at the throat collar. white background, simple background.",euler_ancestral,simple,9,1.0,1.0,1024,1280,R6_dragonborn_cleric_preset_krea2_seed4123105,R6_dragonborn_cleric_preset_krea2_seed4123105_00001_.png
49,T7_tiefling_bard,held_out,2645751,baseline,,"Western comics style, close-up portrait, frontal view.
male bard tiefling, old, annoyed expression, short curling horns swept flat against cropped silver hair, heavy-lidded violet eyes narrowed in judgment, a sharply hooked nose, yellow fancy jacket, red scarf, faint smoke curling from one nostril. white background, simple background.",euler_ancestral,simple,9,1.0,1.0,1024,1280,T7_tiefling_bard_baseline_krea2_seed2645751,T7_tiefling_bard_baseline_krea2_seed2645751_00001_.png
50,T7_tiefling_bard,held_out,2645751,preset,"0.000,0.100,0.000,0.000,0.000,0.000,0.000,0.000,0.150,-0.350,0.000,0.050,0.000,0.000,0.100,0.000,0.000,0.000,0.100,-0.100,0.100,0.000,0.000,0.000,-0.100,-0.120,0.000,0.000,0.000,0.000,0.000,0.000,0.000,0.000","Western comics style, close-up portrait, frontal view.
male bard tiefling, old, annoyed expression, short curling horns swept flat against cropped silver hair, heavy-lidded violet eyes narrowed in judgment, a sharply hooked nose, yellow fancy jacket, red scarf, faint smoke curling from one nostril. white background, simple background.",euler_ancestral,simple,9,1.0,1.0,1024,1280,T7_tiefling_bard_preset_krea2_seed2645751,T7_tiefling_bard_preset_krea2_seed2645751_00001_.png
51,T7_tiefling_bard,held_out,3316624,baseline,,"Western comics style, close-up portrait, frontal view.
male bard tiefling, old, annoyed expression, short curling horns swept flat against cropped silver hair, heavy-lidded violet eyes narrowed in judgment, a sharply hooked nose, yellow fancy jacket, red scarf, faint smoke curling from one nostril. white background, simple background.",euler_ancestral,simple,9,1.0,1.0,1024,1280,T7_tiefling_bard_baseline_krea2_seed3316624,T7_tiefling_bard_baseline_krea2_seed3316624_00001_.png
52,T7_tiefling_bard,held_out,3316624,preset,"0.000,0.100,0.000,0.000,0.000,0.000,0.000,0.000,0.150,-0.350,0.000,0.050,0.000,0.000,0.100,0.000,0.000,0.000,0.100,-0.100,0.100,0.000,0.000,0.000,-0.100,-0.120,0.000,0.000,0.000,0.000,0.000,0.000,0.000,0.000","Western comics style, close-up portrait, frontal view.
male bard tiefling, old, annoyed expression, short curling horns swept flat against cropped silver hair, heavy-lidded violet eyes narrowed in judgment, a sharply hooked nose, yellow fancy jacket, red scarf, faint smoke curling from one nostril. white background, simple background.",euler_ancestral,simple,9,1.0,1.0,1024,1280,T7_tiefling_bard_preset_krea2_seed3316624,T7_tiefling_bard_preset_krea2_seed3316624_00001_.png
53,T7_tiefling_bard,held_out,3605551,baseline,,"Western comics style, close-up portrait, frontal view.
male bard tiefling, old, annoyed expression, short curling horns swept flat against cropped silver hair, heavy-lidded violet eyes narrowed in judgment, a sharply hooked nose, yellow fancy jacket, red scarf, faint smoke curling from one nostril. white background, simple background.",euler_ancestral,simple,9,1.0,1.0,1024,1280,T7_tiefling_bard_baseline_krea2_seed3605551,T7_tiefling_bard_baseline_krea2_seed3605551_00001_.png
54,T7_tiefling_bard,held_out,3605551,preset,"0.000,0.100,0.000,0.000,0.000,0.000,0.000,0.000,0.150,-0.350,0.000,0.050,0.000,0.000,0.100,0.000,0.000,0.000,0.100,-0.100,0.100,0.000,0.000,0.000,-0.100,-0.120,0.000,0.000,0.000,0.000,0.000,0.000,0.000,0.000","Western comics style, close-up portrait, frontal view.
male bard tiefling, old, annoyed expression, short curling horns swept flat against cropped silver hair, heavy-lidded violet eyes narrowed in judgment, a sharply hooked nose, yellow fancy jacket, red scarf, faint smoke curling from one nostril. white background, simple background.",euler_ancestral,simple,9,1.0,1.0,1024,1280,T7_tiefling_bard_preset_krea2_seed3605551,T7_tiefling_bard_preset_krea2_seed3605551_00001_.png
55,T7_tiefling_bard,held_out,4123105,baseline,,"Western comics style, close-up portrait, frontal view.
male bard tiefling, old, annoyed expression, short curling horns swept flat against cropped silver hair, heavy-lidded violet eyes narrowed in judgment, a sharply hooked nose, yellow fancy jacket, red scarf, faint smoke curling from one nostril. white background, simple background.",euler_ancestral,simple,9,1.0,1.0,1024,1280,T7_tiefling_bard_baseline_krea2_seed4123105,T7_tiefling_bard_baseline_krea2_seed4123105_00001_.png
56,T7_tiefling_bard,held_out,4123105,preset,"0.000,0.100,0.000,0.000,0.000,0.000,0.000,0.000,0.150,-0.350,0.000,0.050,0.000,0.000,0.100,0.000,0.000,0.000,0.100,-0.100,0.100,0.000,0.000,0.000,-0.100,-0.120,0.000,0.000,0.000,0.000,0.000,0.000,0.000,0.000","Western comics style, close-up portrait, frontal view.
male bard tiefling, old, annoyed expression, short curling horns swept flat against cropped silver hair, heavy-lidded violet eyes narrowed in judgment, a sharply hooked nose, yellow fancy jacket, red scarf, faint smoke curling from one nostril. white background, simple background.",euler_ancestral,simple,9,1.0,1.0,1024,1280,T7_tiefling_bard_preset_krea2_seed4123105,T7_tiefling_bard_preset_krea2_seed4123105_00001_.png
