char,cond,seed,stroke_width_median_px,stroke_width_std_px,stroke_width_cv,edge_density,contour_mean_length_px,contour_n_components,crosshatch_entropy_mean,crosshatch_entropy_p90,color_top4_cluster_share,color_cluster_entropy_norm,color_n_effective,colorfulness_hs,luminance_hist_n_peaks,shadow_edge_transition_width_px,shadow_edge_transition_width_std,glcm_contrast,glcm_homogeneity,glcm_energy,glcm_correlation,lbp_entropy,lbp_uniform_share,fft_radial_slope,fft_high_freq_share
D1_dwarf_paladin,baseline,2645751,4.0,2.48514723777771,0.6212868094444275,0.08520431518554687,130.92497069167644,853,2.784613609313965,3.8193559646606445,0.5145500000000001,0.9094762727518111,12.448543859278134,45.64520263671875,5,16.0,6.3295622813962575,6.929716205236209,0.791613422469972,0.26325506548373806,0.9670897793183921,2.9275523092807187,0.8572067260742188,-3.606198985462858,4.742541644590359e-06
D1_dwarf_paladin,preset,2645751,4.0,2.404341697692871,0.6010854244232178,0.0652587890625,150.3268892794376,569,2.5335278511047363,3.5878617763519287,0.5076999999999999,0.9144723695557571,12.62218245823754,47.91482162475586,4,13.0,6.779718179063199,5.944488301249571,0.8429413208119976,0.2698902583954598,0.9709250507753832,2.7749961725510643,0.8674896240234375,-3.677568233543975,4.035319412014921e-06
D1_dwarf_paladin,baseline,3316624,4.0,2.2885921001434326,0.5721480250358582,0.09112091064453125,100.78818565400844,1185,2.8279049396514893,3.8757224082946777,0.5432500000000001,0.8876182485952944,11.716526256392095,44.02263259887695,5,15.0,5.987889628115149,7.5079538081629025,0.7832818263163446,0.27996044805694204,0.9661379194434463,3.0071702111329324,0.8497611999511718,-3.569576596518713,5.093605532334376e-06
D1_dwarf_paladin,preset,3316624,4.0,2.42081618309021,0.6052040457725525,0.07490081787109375,117.29271206690562,837,2.580758810043335,3.7912187576293945,0.49575,0.9073138556773243,12.374131990128575,45.44042205810547,5,15.0,6.593187458116096,6.591267006274103,0.8170375963715819,0.2860052724288909,0.9700468663656232,2.8144248126755294,0.8695831298828125,-3.697659324795014,3.895858183174399e-06
D1_dwarf_paladin,baseline,3605551,4.0,2.2131459712982178,0.5532864928245544,0.08439407348632813,130.4445754716981,848,2.8269801139831543,3.925060987472534,0.5566500000000001,0.882187571197941,11.54143162260426,44.78211975097656,5,14.0,6.641339470686608,6.798028967226449,0.7990604884713275,0.2826787190362752,0.9688539074967832,2.9856561892878855,0.8437286376953126,-3.582421640826777,4.612130768667554e-06
D1_dwarf_paladin,preset,3605551,4.393799781799316,2.2960503101348877,0.5225659848329789,0.06983566284179688,157.5473321858864,581,2.5812740325927734,3.9452297687530518,0.5017,0.9079078132471977,12.394526499659586,46.15220260620117,3,14.0,6.244832173837468,5.822819615875621,0.8238284756659058,0.27595693909210217,0.9718023659627741,2.8859116177876727,0.8521339416503907,-3.7332855652397274,3.6165222448803614e-06
D1_dwarf_paladin,baseline,4123105,4.0,2.1474218368530273,0.5368554592132568,0.09144439697265624,109.25979945305379,1097,2.846473455429077,3.9138753414154053,0.53905,0.885246718256289,11.639739559471943,40.833518981933594,5,16.0,5.978261110640624,7.508943006553501,0.778759561365823,0.2897549131857213,0.9664378079353025,2.9640154525202402,0.8535240173339844,-3.5301319104891045,5.270493848475466e-06
D1_dwarf_paladin,preset,4123105,4.0,2.2823657989501953,0.5705914497375488,0.072039794921875,137.24418604651163,688,2.5476090908050537,3.714111089706421,0.52125,0.8982392102469636,12.06667962676454,44.78717803955078,4,14.0,6.54622913069696,6.143553199444304,0.8296385826880497,0.29365236287681834,0.9720648528995628,2.703145849523103,0.8806312561035157,-3.6730220768169515,3.982310545567555e-06
E2_elf_rogue,baseline,2645751,4.0,2.4870052337646484,0.6217513084411621,0.0673431396484375,138.13458528951486,639,2.7618930339813232,3.7673327922821045,0.6883999999999999,0.7729228490648954,8.524950140056646,21.009002685546875,2,14.0,6.56164947298685,5.106727573360221,0.8353827949760391,0.3225288977762074,0.9826911735970684,2.690450161904599,0.8844337463378906,-3.677329677175862,3.820294553025546e-06
E2_elf_rogue,preset,2645751,4.393799781799316,2.5296432971954346,0.5757302159452322,0.054401397705078125,216.07575757575756,330,2.3916382789611816,3.3698675632476807,0.68165,0.7641125541156627,8.319231227831622,21.797412872314453,2,10.0,6.710712937551815,4.968463922696893,0.8844467700777946,0.37928284298813963,0.9828469741101018,2.2916733354845067,0.9269439697265625,-3.7537245260542904,3.322256570941922e-06
E2_elf_rogue,baseline,3316624,4.0,2.526052236557007,0.6315130591392517,0.06844635009765625,135.51963746223564,662,2.864777088165283,3.776799440383911,0.6653,0.7808293975310469,8.713894159463006,21.619792938232422,2,15.0,7.21140079122693,5.197232191332556,0.8212468426437685,0.2701017615798562,0.9829587177987109,2.7262227591736186,0.8831283569335937,-3.6835190482813074,3.809265815904691e-06
E2_elf_rogue,preset,3316624,4.393799781799316,2.7736947536468506,0.6312747260666001,0.05386276245117187,191.3252032520325,369,2.360349655151367,3.3797881603240967,0.6999,0.775119721403132,8.577034273243116,20.39586067199707,2,12.0,6.428174084740039,4.878592775685114,0.8907737216043385,0.3970948669008676,0.9837623242080771,2.2056643281613604,0.9297676086425781,-3.7572073214213773,3.010169366497445e-06
E2_elf_rogue,baseline,3605551,4.393799781799316,2.674008846282959,0.6085868676491942,0.06428146362304688,164.560546875,512,2.8837170600891113,3.841637372970581,0.6792999999999999,0.7985185723644485,9.15191903809834,23.83664321899414,4,13.0,6.82494392228188,5.443337202508408,0.818432374896919,0.2617113509447536,0.9815580624927016,2.7806126353929104,0.874444580078125,-3.7066357287471474,3.902056671597686e-06
E2_elf_rogue,preset,3605551,4.393799781799316,2.6255009174346924,0.5975467813327435,0.05337982177734375,284.4146341463415,246,2.185194253921509,3.3349320888519287,0.6758,0.7961491465976305,9.091993081782725,24.235567092895508,4,10.0,6.810897309226545,5.12045973212153,0.8914331046881511,0.3670552301635124,0.9819801948803618,2.1160305851208694,0.9407730102539062,-3.760419970271389,3.591667995815185e-06
E2_elf_rogue,baseline,4123105,4.0,2.4246761798858643,0.6061690449714661,0.06879119873046875,145.89967637540454,618,2.6136796474456787,3.6324851512908936,0.73925,0.7179120490706099,7.319008374361668,19.220741271972656,2,15.0,7.035369948251798,5.792336139376344,0.851649745819737,0.40624537912549075,0.9819724568222582,2.4876735647137593,0.9079421997070313,-3.7281784798005173,2.2083382842294405e-06
E2_elf_rogue,preset,4123105,4.393799781799316,2.6082725524902344,0.5936257185169493,0.057550811767578126,207.80440771349862,363,2.269131660461426,3.4077579975128174,0.65835,0.7949721402776158,9.062371045600178,18.704404830932617,2,10.0,6.118342867679605,4.709162755374621,0.8767444830403779,0.38030378560324607,0.9836752255937623,2.3058304025320124,0.9171218872070311,-3.783589645904812,2.988439244273349e-06
O4_halforc_fighter,baseline,2645751,4.0,2.3265466690063477,0.5816366672515869,0.09052581787109375,91.76643464810518,1293,2.996708869934082,3.8046555519104004,0.6303000000000001,0.8312327271516173,10.020835594628036,32.65898132324219,3,15.0,7.041156207693765,7.863462215010305,0.7749727107472808,0.2466583856624896,0.9713803864988111,2.783703550147203,0.884454345703125,-3.489268305432076,6.368471370695245e-06
O4_halforc_fighter,preset,2645751,4.0,2.1522045135498047,0.5380511283874512,0.08300018310546875,119.1566265060241,913,2.752375841140747,3.4987921714782715,0.5475,0.8716437043099613,11.208915678845285,33.102622985839844,2,15.0,6.8128585290223,5.348857706960724,0.8315350665918151,0.32675511727876505,0.9786709723475163,2.6793752674165594,0.8850143432617188,-3.6138540041673703,3.984406867710803e-06
O4_halforc_fighter,baseline,3316624,4.0,2.2057478427886963,0.5514369606971741,0.09283599853515626,66.78485181119649,1822,3.1824123859405518,3.808537721633911,0.6589499999999999,0.7748921360595719,8.571623867004327,27.60370445251465,3,19.0,6.9342042869206635,8.111330946745568,0.7619752964320878,0.28825867512233494,0.9722189336117508,2.714132754802937,0.8880516052246095,-3.4552171339359776,5.655820625138885e-06
O4_halforc_fighter,preset,3316624,4.0,2.256875991821289,0.5642189979553223,0.07307205200195313,102.76502145922747,932,2.801112413406372,3.464022159576416,0.67015,0.7504948175256115,8.010982936090958,30.51340103149414,3,15.0,6.800180591538521,5.184055101699015,0.8541925623133553,0.4447962670140306,0.9829170200346442,2.435318377030447,0.9045875549316407,-3.638950311731685,3.2046661317592368e-06
O4_halforc_fighter,baseline,3605551,4.0,2.118507146835327,0.5296267867088318,0.10025177001953126,104.78628389154704,1254,2.984705686569214,3.8630013465881348,0.5927,0.8657598437667096,11.027542191281334,32.94468688964844,3,17.0,6.664904715544825,7.648604689640742,0.7693597843498585,0.23584103779329946,0.9644278488406131,2.896596224407487,0.8714111328125,-3.4987439445802586,6.715670767980024e-06
O4_halforc_fighter,preset,3605551,4.0,2.278627395629883,0.5696568489074707,0.07650222778320312,106.10899470899471,945,2.5567023754119873,3.4254934787750244,0.5869,0.8748818305052443,11.310002334647843,38.65337371826172,4,15.0,7.194621511428002,5.599226437011508,0.8395202910573059,0.30034658041018436,0.9749771594993943,2.4831810427166454,0.9102806091308594,-3.668001611862348,4.015706256884898e-06
O4_halforc_fighter,baseline,4123105,4.0,2.0324602127075195,0.5081150531768799,0.08977890014648438,71.92848410757946,1636,3.0929958820343018,3.7903709411621094,0.6626,0.7660820311742416,8.364783060766284,29.287174224853516,3,18.0,7.098382943716553,7.736853723262897,0.7774613933564081,0.3015142592694113,0.9738034594620307,2.667081731327501,0.8862762451171875,-3.4898721881992074,5.308415228750375e-06
O4_halforc_fighter,preset,4123105,4.0,2.132344961166382,0.5330862402915955,0.06435165405273438,117.63877266387726,717,2.6977102756500244,3.4495723247528076,0.65925,0.7611067944556298,8.250189045810503,33.021995544433594,4,16.0,7.16513401661995,5.222562268502005,0.8680010122481916,0.4410932189634753,0.9821817776710285,2.278880146523523,0.9167991638183594,-3.6601961324550096,3.2135530229965327e-06
G5_gnome_wizard,baseline,2645751,4.0,2.5686357021331787,0.6421589255332947,0.09831771850585938,94.96462785556375,1357,2.9349465370178223,3.868133783340454,0.54815,0.9041583876950763,12.26634519018978,34.233619689941406,4,17.0,6.370047786404425,10.157126656401996,0.7612199888158631,0.2633128866372555,0.9579110720548021,3.0213882200850604,0.8525062561035155,-3.44612498210503,8.827342680309974e-06
G5_gnome_wizard,preset,2645751,4.0,2.886644124984741,0.7216610312461853,0.0892547607421875,138.77580071174378,843,2.539376974105835,3.727600336074829,0.60495,0.8480165414663238,10.498171500006364,34.54096221923828,4,12.0,6.670789002016221,11.302380481011207,0.7906405514350605,0.3013551238634349,0.9550695950283541,2.7888294331608163,0.884979248046875,-3.5953944882526994,7.287959914449884e-06
G5_gnome_wizard,baseline,3316624,2.799999952316284,2.3846371173858643,0.8516561278557118,0.10707244873046876,86.47073321010474,1623,2.94848895072937,3.8272206783294678,0.5329499999999999,0.8943374525395381,11.93684618886497,32.37322998046875,2,17.0,6.450630368951021,10.272835908518864,0.7399628260472515,0.24841602708406768,0.9570454385952817,2.9890549443099297,0.8614799499511719,-3.4111055803561414,9.17170897786232e-06
G5_gnome_wizard,preset,3316624,4.0,2.698763847351074,0.6746909618377686,0.09502029418945312,135.81788440567067,917,2.545647144317627,3.7625882625579834,0.6135499999999999,0.8490379580363753,10.527944124074645,33.1061897277832,4,12.0,6.704703564332542,12.26498870586289,0.7879353169817758,0.3107116478575115,0.9507532324440924,2.811742233796031,0.8828666687011718,-3.5082462699628962,8.579509431797279e-06
G5_gnome_wizard,baseline,3605551,4.0,2.614098310470581,0.6535245776176453,0.1187530517578125,103.69886742171886,1501,2.890813112258911,3.7960703372955322,0.5024000000000001,0.9275198277605735,13.08715237321289,32.094642639160156,3,15.0,6.026594631911873,12.838113730829289,0.7178558148168943,0.22288185994375634,0.9373380311065936,3.1071192222417188,0.8507713317871093,-3.453983123893571,1.1061759929381064e-05
G5_gnome_wizard,preset,3605551,4.0,3.180762767791748,0.795190691947937,0.09782257080078124,117.52337305224565,1091,2.5472910404205322,3.8237712383270264,0.5733499999999999,0.8658908780744666,11.031549272010007,36.66775131225586,5,11.0,6.465738966229359,13.158233185896188,0.7752285676344692,0.28933367330430126,0.9405856331690585,2.853559066828178,0.8793090820312501,-3.471730374338931,1.1248112932712155e-05
G5_gnome_wizard,baseline,4123105,4.0,2.763901710510254,0.6909754276275635,0.11589126586914063,105.34049930651872,1442,2.80108642578125,3.733794927597046,0.52995,0.895234074672817,11.966557679268368,33.403289794921875,4,15.0,6.369600846673748,12.513205702030227,0.7285738738392468,0.252823846996592,0.9428101721939507,3.075511236733406,0.8482864379882813,-3.447443870667402,1.0552960903593941e-05
G5_gnome_wizard,preset,4123105,4.0,2.872927188873291,0.7182317972183228,0.10601119995117188,133.99324975891997,1037,2.424701690673828,3.5454089641571045,0.57055,0.8599863996746947,10.852425387431087,36.396827697753906,4,11.0,6.669017158333092,13.076205911915604,0.7673479071821807,0.30044661846034176,0.93716692936175,2.8260317707051223,0.8906692504882812,-3.4778785005827917,1.1073858217875442e-05
H3_halfling_druid,baseline,2645751,2.799999952316284,2.188845634460449,0.7817305970486674,0.12249755859375,80.60240963855422,1992,3.258366107940674,3.893145799636841,0.5033,0.9054450606387374,12.31018247910916,43.648746490478516,4,17.0,6.181435993614914,13.411449459957762,0.7249804085813926,0.2735188612445618,0.9276846311510292,3.089034816351395,0.8454345703124999,-3.4498641083883244,7.585497513591819e-06
H3_halfling_druid,preset,2645751,2.799999952316284,2.237401008605957,0.7990718023959535,0.09806137084960938,90.64245416078984,1418,2.7768542766571045,3.61965274810791,0.52895,0.8960058178756142,11.992190253424301,44.698516845703125,4,13.0,6.455106384677173,13.028128972430679,0.7725485984083913,0.29223815129323766,0.9305609670916954,2.9012968481426635,0.8597091674804688,-3.5099476430457606,6.8539020327650125e-06
H3_halfling_druid,baseline,3316624,4.0,2.2132043838500977,0.5533010959625244,0.12717666625976562,82.07434761201378,2031,3.20340895652771,3.8757007122039795,0.51905,0.9111418450379165,12.506163514114652,43.984962463378906,4,16.0,6.062518796429255,13.910608300167521,0.7112317376828194,0.258848511080666,0.9260307804957988,3.114061870402407,0.8448043823242187,-3.4243980873023054,8.273074797171026e-06
H3_halfling_druid,preset,3316624,4.0,2.2257449626922607,0.5564362406730652,0.0919189453125,100.31640299750208,1201,2.852729558944702,3.7749195098876953,0.5113,0.8897568713900058,11.78620602975008,45.66377639770508,2,13.0,6.257912121783836,13.891672290950739,0.7783961289130159,0.3096449162896696,0.928445533290153,2.955258563210151,0.8565597534179688,-3.5326867423957196,6.484220013808555e-06
H3_halfling_druid,baseline,3605551,4.0,2.1551196575164795,0.5387799143791199,0.12362747192382813,88.1136487221316,1839,3.139631509780884,3.8010075092315674,0.4561,0.9343599370047148,13.337716165602789,39.346073150634766,4,16.0,6.2444071746993055,15.140012252989283,0.7145020973228978,0.22458328216302392,0.9167433472862933,3.1199268124839628,0.8394912719726562,-3.404726253554437,9.414907935162256e-06
H3_halfling_druid,preset,3605551,4.393799781799316,2.426058292388916,0.5521549485341852,0.09417190551757812,128.57604166666667,960,2.8084607124328613,3.7648417949676514,0.47230000000000005,0.9308113132854486,13.207131511823913,43.9702033996582,4,12.0,6.225247861531298,15.105899902307705,0.769835022766884,0.2550243542347337,0.9220582650077858,2.951790537642372,0.86380615234375,-3.595266375899642,7.106808178041737e-06
H3_halfling_druid,baseline,4123105,2.799999952316284,2.0890233516693115,0.7460797811589885,0.12168807983398437,66.54109303295786,2397,3.2555289268493652,3.9201107025146484,0.48175,0.9164902619956625,12.692998782052333,43.40376281738281,4,17.0,6.169092856857046,12.98311709145161,0.7219922951959453,0.26522779454780687,0.9298658184755204,3.068254998591672,0.8553520202636719,-3.353827562354296,9.232507237061799e-06
H3_halfling_druid,preset,4123105,4.0,2.2423670291900635,0.5605917572975159,0.08853378295898437,105.8786496350365,1096,2.9403886795043945,3.944010019302368,0.52155,0.8982970231375308,12.068613966378626,44.24908447265625,3,12.0,6.135629791271421,14.338174276991829,0.7763889325457675,0.29307224609660076,0.9269229557781286,2.994503190855292,0.8532196044921876,-3.564028107953041,6.683873252706097e-06
R6_dragonborn_cleric,baseline,2645751,4.0,2.2821717262268066,0.5705429315567017,0.10924606323242188,99.99371508379889,1432,2.750880718231201,3.720750093460083,0.5283,0.8892402449924783,11.769335641747164,38.59382629394531,4,16.0,6.020723629125213,9.993942146605928,0.7529401589685716,0.2927280690719102,0.9586436291426927,2.9927913286708065,0.8582603454589843,-3.623562710916241,4.734176055575705e-06
R6_dragonborn_cleric,preset,2645751,4.393799781799316,2.4402666091918945,0.5553886682093135,0.08702316284179687,156.03693570451438,731,2.3804142475128174,3.477581262588501,0.5472,0.8682020425354836,11.102465399948732,47.967506408691406,6,17.0,6.163636898334075,8.474836144029492,0.8016943998751097,0.3190260991647107,0.9637703069265937,2.744090582311982,0.8806007385253907,-3.7307917604642173,3.386042938961354e-06
R6_dragonborn_cleric,baseline,3316624,4.0,2.296351671218872,0.574087917804718,0.104443359375,99.12816799420709,1381,2.795017957687378,3.686779737472534,0.5716,0.8661892388696526,11.040678695659176,37.52679443359375,4,16.0,6.377954094966504,10.362392926755492,0.7403903194783873,0.2222152079802569,0.961001988059477,2.8686903928111596,0.881256103515625,-3.558787677368725,5.0532572225177095e-06
R6_dragonborn_cleric,preset,3316624,2.799999952316284,2.354459524154663,0.8408784158038823,0.09312667846679687,98.67663702506063,1237,2.414825916290283,3.473503828048706,0.57905,0.8453089790468709,10.419657247949905,45.62277603149414,5,17.0,6.565507682187057,7.98522096572447,0.8047613913435536,0.3472518510411839,0.9671273103610147,2.636014065142589,0.8956893920898438,-3.699075947215359,3.105805404726555e-06
R6_dragonborn_cleric,baseline,3605551,4.0,2.1574935913085938,0.5393733978271484,0.10828704833984375,108.67840735068913,1306,2.8374931812286377,3.7745981216430664,0.5353,0.8840219976999494,11.600282149331667,36.76402282714844,5,17.0,6.216107910120821,9.509665302325331,0.7307676950543338,0.23236181075684179,0.9622330169147304,2.896000594671858,0.8753005981445313,-3.6183490228176542,4.244856588487598e-06
R6_dragonborn_cleric,preset,3605551,4.0,2.2800142765045166,0.5700035691261292,0.0933929443359375,192.47169811320754,636,2.401942253112793,3.535090923309326,0.55305,0.8677070322174572,11.087238161784727,44.40555953979492,5,15.0,6.09899466613146,8.229330520502558,0.8002305188205525,0.3226811916884229,0.967457984356515,2.652508543539223,0.8998252868652344,-3.764595587954185,2.9062230021782916e-06
R6_dragonborn_cleric,baseline,4123105,4.0,2.1185853481292725,0.5296463370323181,0.10811691284179688,107.84703196347031,1314,2.8174054622650146,3.7931220531463623,0.5713,0.8546610154669719,10.693365397250743,34.75067901611328,5,15.0,6.525715160570128,9.686993063997777,0.7554720618959034,0.30849323783654004,0.9634990529232039,2.7863300783761087,0.8862480163574219,-3.5865432272388955,4.614274250112732e-06
R6_dragonborn_cleric,preset,4123105,4.0,2.3927340507507324,0.5981835126876831,0.08887863159179688,138.6845238095238,840,2.3042197227478027,3.4646658897399902,0.5777,0.8447253498671352,10.402810171355307,40.12593460083008,5,17.0,6.836976213941365,7.895115075274989,0.8102160279741658,0.34611152046379257,0.9688088033707183,2.7446183539475753,0.8841529846191406,-3.6595305614388467,3.4686298838067567e-06
T7_tiefling_bard,baseline,2645751,5.599999904632568,3.1512820720672607,0.5627289510237992,0.06926193237304687,144.32909379968203,629,2.47640061378479,3.47452974319458,0.5816500000000001,0.8913112019219359,11.83710851599353,61.6277961730957,5,13.0,6.5079094020723325,9.97103764009414,0.8007743896469883,0.21177369367846,0.9514053891625458,2.8203060691636517,0.8795135498046874,-3.597678131770171,5.200649151087238e-06
T7_tiefling_bard,preset,2645751,4.393799781799316,2.6875386238098145,0.6116661562373772,0.05813140869140625,230.19335347432025,331,2.150869131088257,3.3205175399780273,0.49269999999999997,0.9279751942315954,13.10368591312436,75.93873596191406,4,13.0,6.54040327502823,8.79814893140518,0.8598283490116154,0.2586522124278182,0.94877683097417,2.352117808130175,0.9300529479980469,-3.639439773924536,4.447242380121827e-06
T7_tiefling_bard,baseline,3316624,4.393799781799316,3.2376654148101807,0.7368714041595031,0.07082748413085938,143.93023255813952,645,2.603755474090576,3.680211305618286,0.55975,0.8882256013360785,11.736272797434722,59.62017059326172,5,12.0,6.408863982063696,8.599714814864456,0.788843287847472,0.2048583426364366,0.9596333410004041,2.9134584184782475,0.8596778869628906,-3.680169567483775,3.964681831198768e-06
T7_tiefling_bard,preset,3316624,4.393799781799316,2.7906999588012695,0.6351449991784657,0.06293563842773438,204.18564356435644,404,2.165640115737915,3.309643507003784,0.5407,0.893000463696862,11.892679165150541,73.87787628173828,6,11.0,6.486157857314296,9.21109350113775,0.8626423489006307,0.30139585469367425,0.9544149184551418,2.2975078499630324,0.9309097290039062,-3.604807289935543,4.643878170194848e-06
T7_tiefling_bard,baseline,3605551,4.393799781799316,3.0056955814361572,0.6840765921758244,0.07779388427734375,168.81788079470198,604,2.4193921089172363,3.476119041442871,0.57,0.8948878567426746,11.955076253582181,56.24083709716797,4,13.0,6.397343036209297,11.190789038365557,0.7932569769503304,0.21681683293918355,0.9461496698232377,2.8781766192777307,0.8710540771484375,-3.5704734936110687,5.863398308095596e-06
T7_tiefling_bard,preset,3605551,4.393799781799316,2.392742156982422,0.5445724147226763,0.0644500732421875,240.67236467236467,351,1.9534496068954468,3.2479188442230225,0.48655000000000004,0.9336953704434531,13.313163120518562,74.79151916503906,8,11.0,6.68854845001468,9.854197454590484,0.8386604191360882,0.21338410921275042,0.9412399120768615,2.356049087222635,0.9264114379882812,-3.6812280522196437,4.797986478648338e-06
T7_tiefling_bard,baseline,4123105,4.0,2.5932419300079346,0.6483104825019836,0.08766937255859375,153.62299465240642,748,2.5674257278442383,3.62306547164917,0.5235,0.9149413348742251,12.638605099581754,56.08564758300781,5,14.0,6.499896792689058,10.893544200395096,0.7745893974894499,0.18409661773490174,0.9455543449760389,2.980300515264767,0.856201171875,-3.546801119598089,6.034546016337529e-06
T7_tiefling_bard,preset,4123105,4.0,2.7602157592773438,0.6900539398193359,0.06988983154296875,221.80629539951573,413,1.990883469581604,3.1151349544525146,0.5185500000000001,0.9154114563072109,12.655089673260212,69.62977600097656,4,13.0,6.741953395779063,9.641189941965271,0.841047151379553,0.25938391596216903,0.9471616371041223,2.4405348025833926,0.9140518188476563,-3.615099313066172,4.963847881829556e-06
