sheet,set,group,char,seed,preset_side
sheet_8250,original,held_out,H3_halfling_druid,2645751,LEFT
sheet_2560,mirrored,held_out,H3_halfling_druid,2645751,RIGHT
sheet_8078,original,held_out,H3_halfling_druid,3316624,LEFT
sheet_2455,mirrored,held_out,H3_halfling_druid,3316624,RIGHT
sheet_2087,original,held_out,H3_halfling_druid,3605551,RIGHT
sheet_2544,mirrored,held_out,H3_halfling_druid,3605551,LEFT
sheet_2979,original,held_out,H3_halfling_druid,4123105,LEFT
sheet_9799,mirrored,held_out,H3_halfling_druid,4123105,RIGHT
sheet_9491,original,held_out,R6_dragonborn_cleric,2645751,RIGHT
sheet_7022,mirrored,held_out,R6_dragonborn_cleric,2645751,LEFT
sheet_4260,original,held_out,R6_dragonborn_cleric,3316624,LEFT
sheet_2218,mirrored,held_out,R6_dragonborn_cleric,3316624,RIGHT
sheet_7315,original,held_out,R6_dragonborn_cleric,3605551,LEFT
sheet_6108,mirrored,held_out,R6_dragonborn_cleric,3605551,RIGHT
sheet_3038,original,held_out,R6_dragonborn_cleric,4123105,RIGHT
sheet_7992,mirrored,held_out,R6_dragonborn_cleric,4123105,LEFT
sheet_7465,original,held_out,T7_tiefling_bard,2645751,RIGHT
sheet_5227,mirrored,held_out,T7_tiefling_bard,2645751,LEFT
sheet_2862,original,held_out,T7_tiefling_bard,3316624,LEFT
sheet_5893,mirrored,held_out,T7_tiefling_bard,3316624,RIGHT
sheet_4413,original,held_out,T7_tiefling_bard,3605551,RIGHT
sheet_9697,mirrored,held_out,T7_tiefling_bard,3605551,LEFT
sheet_5203,original,held_out,T7_tiefling_bard,4123105,LEFT
sheet_8948,mirrored,held_out,T7_tiefling_bard,4123105,RIGHT
sheet_1444,original,calibration,D1_dwarf_paladin,2645751,LEFT
sheet_5791,mirrored,calibration,D1_dwarf_paladin,2645751,RIGHT
sheet_7770,original,calibration,D1_dwarf_paladin,3316624,RIGHT
sheet_3479,mirrored,calibration,D1_dwarf_paladin,3316624,LEFT
sheet_1199,original,calibration,D1_dwarf_paladin,3605551,RIGHT
sheet_2489,mirrored,calibration,D1_dwarf_paladin,3605551,LEFT
sheet_7824,original,calibration,D1_dwarf_paladin,4123105,RIGHT
sheet_5478,mirrored,calibration,D1_dwarf_paladin,4123105,LEFT
sheet_7436,original,calibration,E2_elf_rogue,2645751,RIGHT
sheet_7456,mirrored,calibration,E2_elf_rogue,2645751,LEFT
sheet_8486,original,calibration,E2_elf_rogue,3316624,RIGHT
sheet_2899,mirrored,calibration,E2_elf_rogue,3316624,LEFT
sheet_3112,original,calibration,E2_elf_rogue,3605551,LEFT
sheet_7102,mirrored,calibration,E2_elf_rogue,3605551,RIGHT
sheet_2037,original,calibration,E2_elf_rogue,4123105,LEFT
sheet_3156,mirrored,calibration,E2_elf_rogue,4123105,RIGHT
sheet_4903,original,calibration,O4_halforc_fighter,2645751,LEFT
sheet_5787,mirrored,calibration,O4_halforc_fighter,2645751,RIGHT
sheet_6191,original,calibration,O4_halforc_fighter,3316624,LEFT
sheet_7429,mirrored,calibration,O4_halforc_fighter,3316624,RIGHT
sheet_1274,original,calibration,O4_halforc_fighter,3605551,RIGHT
sheet_2532,mirrored,calibration,O4_halforc_fighter,3605551,LEFT
sheet_1024,original,calibration,O4_halforc_fighter,4123105,RIGHT
sheet_4554,mirrored,calibration,O4_halforc_fighter,4123105,LEFT
sheet_3120,original,calibration,G5_gnome_wizard,2645751,RIGHT
sheet_7446,mirrored,calibration,G5_gnome_wizard,2645751,LEFT
sheet_2025,original,calibration,G5_gnome_wizard,3316624,RIGHT
sheet_7760,mirrored,calibration,G5_gnome_wizard,3316624,LEFT
sheet_2312,original,calibration,G5_gnome_wizard,3605551,RIGHT
sheet_2336,mirrored,calibration,G5_gnome_wizard,3605551,LEFT
sheet_1394,original,calibration,G5_gnome_wizard,4123105,RIGHT
sheet_9457,mirrored,calibration,G5_gnome_wizard,4123105,LEFT
