arm,dose,size,cos_order,cos_order_sd,cos_seed,sign_agree_all10
blk00_neg,0.250,2.565,0.909,0.034,0.911,0.435
blk00_pos,0.300,2.056,0.765,0.103,0.531,0.304
blk01_neg,0.200,0.799,0.179,0.254,0.136,0.043
blk01_pos,0.200,1.367,0.646,0.113,0.634,0.348
blk02_neg,0.350,0.815,0.218,0.23,-0.064,0.087
blk02_pos,0.350,1.954,0.692,0.129,0.602,0.304
blk03_neg,0.350,0.755,0.032,0.305,0.109,0.0
blk03_pos,0.350,1.729,0.426,0.29,0.483,0.043
blk04_neg,0.350,0.787,0.162,0.297,-0.169,0.0
blk04_pos,0.350,1.686,0.655,0.193,0.55,0.13
blk05_neg,0.350,0.797,-0.04,0.249,0.031,0.0
blk05_pos,0.350,2.01,0.706,0.224,0.74,0.174
blk06_neg,0.350,0.826,0.012,0.273,-0.098,0.0
blk06_pos,0.350,1.693,0.579,0.201,0.547,0.087
blk07_neg,0.350,1.118,0.389,0.301,0.157,0.13
blk07_pos,0.350,1.878,0.578,0.249,0.525,0.087
blk08_neg,0.350,1.685,0.692,0.126,0.76,0.217
blk08_pos,0.350,1.044,0.162,0.291,0.133,0.0
blk09_neg,0.350,1.728,0.557,0.249,0.46,0.087
blk09_pos,0.350,1.47,0.601,0.177,0.143,0.087
blk10_neg,0.400,1.854,0.555,0.225,0.546,0.174
blk10_pos,0.400,1.731,0.61,0.128,0.548,0.261
blk11_neg,0.350,1.045,0.192,0.254,0.124,0.0
blk11_pos,0.350,1.714,0.633,0.202,0.294,0.13
blk12_neg,0.350,1.673,0.556,0.198,0.482,0.174
blk12_pos,0.350,1.958,0.761,0.115,0.767,0.391
blk13_neg,0.350,0.91,0.072,0.319,0.122,0.043
blk13_pos,0.350,2.106,0.769,0.115,0.753,0.261
blk14_neg,0.350,0.837,0.055,0.186,0.153,0.0
blk14_pos,0.350,1.827,0.694,0.097,0.712,0.304
blk15_neg,0.350,1.071,0.587,0.159,0.505,0.087
blk15_pos,0.350,1.56,0.627,0.17,0.607,0.174
blk16_neg,0.400,1.064,0.319,0.184,0.355,0.087
blk16_pos,0.300,1.701,0.649,0.152,0.613,0.348
blk17_neg,0.350,1.848,0.711,0.132,0.561,0.391
blk17_pos,0.350,2.309,0.834,0.067,0.827,0.478
blk18_neg,0.350,0.981,0.338,0.27,0.147,0.13
blk18_pos,0.350,2.223,0.81,0.109,0.775,0.435
blk19_neg,0.350,1.182,0.578,0.159,0.284,0.174
blk19_pos,0.350,2.754,0.843,0.084,0.836,0.435
blk20_neg,0.350,1.657,0.8,0.075,0.729,0.261
blk20_pos,0.350,2.106,0.807,0.095,0.775,0.565
blk21_neg,0.350,1.601,0.699,0.182,0.693,0.348
blk21_pos,0.350,1.969,0.649,0.166,0.633,0.304
blk22_neg,0.350,1.343,0.68,0.091,0.686,0.304
blk22_pos,0.350,2.746,0.926,0.028,0.907,0.565
blk23_neg,0.350,1.147,0.519,0.253,0.457,0.261
blk23_pos,0.350,2.376,0.901,0.042,0.894,0.478
blk24_neg,0.400,1.852,0.806,0.088,0.777,0.609
blk24_pos,0.200,1.211,0.677,0.106,0.619,0.304
blk25_neg,0.200,1.133,0.721,0.102,0.674,0.174
blk25_pos,0.200,1.886,0.869,0.064,0.812,0.609
blk26_neg,0.200,1.209,0.752,0.082,0.756,0.348
blk26_pos,0.200,5.491,0.982,0.007,0.977,0.783
blk27_neg,0.075,1.393,0.787,0.102,0.788,0.435
blk27_pos,0.100,2.402,0.901,0.058,0.891,0.522
REORDER_ONLY,,1.106,,,,
