arm,size,A_writing,A_content_small,A_subject,A_seed,W1_vs_W3_tags
blk00_neg_d0.250,3.5193,0.9195,0.9375,0.4649,0.9332,0.9044
blk00_pos_d0.300,2.1886,0.7451,0.7573,0.3382,0.796,0.7592
blk02_neg_d0.350,0.6117,0.1204,0.1467,0.0098,0.0805,0.2694
blk02_pos_d0.350,1.0249,0.2595,0.4837,0.1685,0.5081,0.64
blk05_neg_d0.350,0.5603,0.0934,0.1061,0.0343,0.2019,-0.1248
blk05_pos_d0.350,1.0784,0.4436,0.8119,0.0041,0.6795,0.5327
blk08_neg_d0.350,1.0903,0.5422,0.406,0.3854,0.6762,0.6633
blk08_pos_d0.350,1.0248,0.4665,0.4249,0.1546,0.4701,0.455
blk09_neg_d0.350,1.5882,0.733,0.7848,0.471,0.7511,0.777
blk09_pos_d0.350,1.0,0.4757,0.5793,0.0345,0.3872,0.6482
blk12_neg_d0.350,0.8839,0.4471,0.3457,0.1088,0.4125,0.649
blk12_pos_d0.350,1.3055,0.534,0.7962,0.2829,0.7052,0.7212
blk13_neg_d0.350,0.6836,0.1552,0.141,0.0065,0.2431,0.2236
blk13_pos_d0.350,1.4983,0.6169,0.7506,-0.0244,0.6469,0.7117
blk15_neg_d0.350,0.8909,0.5271,0.591,0.2696,0.5383,0.5409
blk15_pos_d0.350,1.5299,0.6128,0.6394,0.2524,0.7566,0.6317
blk17_neg_d0.350,1.2478,0.588,0.7538,-0.1475,0.5525,0.6782
blk17_pos_d0.350,1.6062,0.7313,0.851,-0.0634,0.8482,0.6649
blk19_neg_d0.350,0.7601,0.3498,0.4802,0.0961,0.3128,0.4787
blk19_pos_d0.350,2.1317,0.7396,0.7765,0.4202,0.8535,0.7197
blk23_neg_d0.350,0.9137,0.6128,0.6591,0.4378,0.5702,0.6664
blk23_pos_d0.350,1.9465,0.7997,0.8446,0.5233,0.8944,0.7489
blk27_neg_d0.075,1.3869,0.7821,0.859,0.4284,0.8071,0.813
blk27_pos_d0.100,3.6316,0.8878,0.9278,0.3955,0.9041,0.9265
