arm,W_within_family,B_between_families,S_seed,size,cost_fft_high_freq_share_up_share,cost_edge_density_up_share,cost_lbp_entropy_up_share,cost_glcm_contrast_up_share
blk16_pos_d0.300,0.4227,0.123,0.5861,0.6802,0.5278,0.2222,0.3611,0.6111
blk20_pos_d0.450,0.5445,0.4089,0.7663,0.718,0.1944,0.3056,0.0556,0.6111
blk23_neg_d0.300,0.3187,0.1054,0.4732,0.4017,0.6944,0.75,0.4722,0.8056
blk26_pos_d0.150,0.6263,0.5533,0.7928,0.6379,0.1667,1.0,0.6389,0.6944
blk27_neg_d0.250,0.5242,0.3569,0.867,0.9458,0.4167,0.0278,0.1111,0.0278
blk09_pos_d0.450,0.1589,0.1192,0.5102,0.5105,0.8333,0.6667,0.4167,0.8333
combo,0.5346,0.2559,0.7548,0.9008,0.4167,0.0,0.1111,0.0556
blk03_pos_d0.400,0.1437,-0.0336,0.54,0.5286,0.5,0.5278,0.6111,0.3889
blk06_pos_d0.450,0.0578,-0.0171,0.4982,0.4314,0.3056,0.4444,0.4444,0.4167
blk13_neg_d0.450,0.1681,0.0053,0.4253,0.3632,0.3889,0.5278,0.8056,0.25
blk17_pos_d0.400,0.1745,0.0653,0.5321,0.5318,0.1944,0.1111,0.4722,0.1111
