seed,order_a,order_b,dE_baselines
3141592,V1_Original,V2_SubjectFirst,22.332
3141592,V1_Original,V3_BGFirst,23.954
3141592,V1_Original,V4_ActionFirst,26.562
3141592,V1_Original,V5_Inverse,25.802
3141592,V2_SubjectFirst,V3_BGFirst,21.8
3141592,V2_SubjectFirst,V4_ActionFirst,24.251
3141592,V2_SubjectFirst,V5_Inverse,22.103
3141592,V3_BGFirst,V4_ActionFirst,28.305
3141592,V3_BGFirst,V5_Inverse,15.993
3141592,V4_ActionFirst,V5_Inverse,26.441
1234567,V1_Original,V2_SubjectFirst,23.58
1234567,V1_Original,V3_BGFirst,26.931
1234567,V1_Original,V4_ActionFirst,30.56
1234567,V1_Original,V5_Inverse,29.423
1234567,V2_SubjectFirst,V3_BGFirst,17.209
1234567,V2_SubjectFirst,V4_ActionFirst,24.52
1234567,V2_SubjectFirst,V5_Inverse,22.457
1234567,V3_BGFirst,V4_ActionFirst,21.258
1234567,V3_BGFirst,V5_Inverse,20.414
1234567,V4_ActionFirst,V5_Inverse,23.301
3141592,V1_Original,v3:P1_elfbrawler,0.0
