block,dose,sign,label_verbatim,block_note_verbatim
0,0.350,neg,SA,
0,0.350,pos,WA,
1,0.350,neg,VWA,
1,0.350,pos,WA,
2,0.350,neg,OK,
2,0.350,pos,OK,
3,0.350,neg,OK,
3,0.350,pos,VWA,
4,0.350,neg,OK,
4,0.350,pos,OK,
5,0.350,neg,OK,
5,0.350,pos,OK,
6,0.350,neg,OK,
6,0.350,pos,OK,
7,0.350,neg,OK,
7,0.350,pos,OK,
8,0.350,neg,OK,
8,0.350,pos,OK,
9,0.350,neg,OK,
9,0.350,pos,OK,
10,0.350,neg,OK,
10,0.350,pos,OK,
11,0.350,neg,OK,
11,0.350,pos,OK - possible color shift?,
12,0.350,neg,OK,
12,0.350,pos,VWA,
13,0.350,neg,OK,
13,0.350,pos,VWA,
14,0.350,neg,OK,
14,0.350,pos,VWA,
15,0.350,neg,OK,"Negative feels more realistic - Positive feels ""simplified"""
15,0.350,pos,VWA,"Negative feels more realistic - Positive feels ""simplified"""
16,0.350,neg,OK,
16,0.350,pos,WA,
17,0.350,neg,OK,
17,0.350,pos,VWA,
18,0.350,neg,OK,
18,0.350,pos,WA,
19,0.350,neg,OK,
19,0.350,pos,SA,
20,0.350,neg,OK,
20,0.350,pos,OK,
21,0.350,neg,OK,
21,0.350,pos,SA,
22,0.350,neg,OK,
22,0.350,pos,SA,
23,0.350,neg,WA,
23,0.350,pos,WA,
24,0.350,neg,OK,
24,0.350,pos,SA,
25,0.350,neg,OK,
25,0.350,pos,SA,
26,0.350,neg,SA,
26,0.350,pos,BROKEN,
27,0.350,neg,SA,
27,0.350,pos,BROKEN,
