prompt_id,seed,cond,brisque,clipiqa,colorfulness,clipscore,lpips,dists,ssim,dino_cos,clip_cos
E1_cartoon,2718281,baseline,38.46259,0.39268,27.52425,33.86226,,,,,
E1_cartoon,2718281,txtpos,31.27094,0.57788,66.40266,34.82072,0.59221,0.22052,0.50534,0.88536,0.86757
E1_cartoon,2718281,txtneg,29.14984,0.50392,16.22812,28.97248,0.3465,0.15012,0.63043,0.90701,0.94449
E1_cartoon,2718281,b23_m0.450,28.49066,0.26519,34.494,38.57443,0.32381,0.16645,0.6322,0.92491,0.94168
E1_cartoon,2718281,b23_m0.300,28.8786,0.26228,33.46955,36.72725,0.28451,0.15396,0.65316,0.9296,0.95586
E1_cartoon,2718281,b23_m0.150,31.37982,0.34576,29.18031,35.2443,0.22547,0.11515,0.70769,0.94885,0.97865
E1_cartoon,2718281,b23_p0.150,32.96979,0.5099,25.80096,34.15759,0.21215,0.11476,0.73338,0.90397,0.96712
E1_cartoon,2718281,b23_p0.300,31.42963,0.46209,19.43378,33.83371,0.28009,0.14396,0.65083,0.86423,0.96241
E1_cartoon,4669201,baseline,31.14252,0.42431,33.78179,32.71659,,,,,
E1_cartoon,4669201,txtpos,33.25079,0.59986,68.73693,29.59525,0.53296,0.19961,0.5112,0.95397,0.91531
E1_cartoon,4669201,txtneg,32.37714,0.26115,14.66838,28.96647,0.45919,0.1926,0.4919,0.92074,0.90094
E1_cartoon,4669201,b23_m0.450,31.8017,0.41208,49.80384,32.00851,0.31374,0.13424,0.7126,0.90725,0.94581
E1_cartoon,4669201,b23_m0.300,32.5368,0.37101,47.44177,33.23838,0.26683,0.11433,0.75398,0.97215,0.95451
E1_cartoon,4669201,b23_m0.150,35.40851,0.43502,41.10523,33.09274,0.22036,0.09034,0.7816,0.98875,0.97711
E1_cartoon,4669201,b23_p0.150,27.69659,0.55208,24.27471,32.10667,0.21855,0.09046,0.74573,0.95538,0.96973
E1_cartoon,4669201,b23_p0.300,31.4057,0.56384,18.97269,34.04512,0.27329,0.12139,0.70856,0.95245,0.96137
E3_oil,2718281,baseline,21.12872,0.2068,36.71057,37.81732,,,,,
E3_oil,2718281,txtpos,18.16522,0.44502,69.93788,38.22417,0.39842,0.18056,0.61766,0.93284,0.91592
E3_oil,2718281,txtneg,13.7536,0.23516,13.39027,31.87532,0.51044,0.21462,0.5331,0.80109,0.89797
E3_oil,2718281,b23_m0.450,20.68964,0.1801,45.20778,38.49987,0.32646,0.13433,0.69259,0.93117,0.94714
E3_oil,2718281,b23_m0.300,19.09686,0.20351,44.54687,37.46236,0.28071,0.12191,0.74564,0.92945,0.95035
E3_oil,2718281,b23_m0.150,18.36053,0.21298,42.16517,37.07724,0.22896,0.11245,0.80926,0.94286,0.962
E3_oil,2718281,b23_p0.150,17.59662,0.22331,26.3146,36.85184,0.25937,0.12934,0.76389,0.94912,0.95456
E3_oil,2718281,b23_p0.300,19.51117,0.21359,17.5041,36.7999,0.41422,0.21944,0.63049,0.90398,0.92349
E3_oil,4669201,baseline,19.85236,0.29845,30.54906,37.28552,,,,,
E3_oil,4669201,txtpos,19.29559,0.27976,66.76141,34.33906,0.45772,0.18582,0.5628,0.93729,0.92254
E3_oil,4669201,txtneg,17.27911,0.18039,14.03658,31.85045,0.47574,0.1904,0.55733,0.92895,0.88765
E3_oil,4669201,b23_m0.450,19.49457,0.22842,32.44247,36.87667,0.31178,0.13142,0.73214,0.93477,0.9541
E3_oil,4669201,b23_m0.300,20.92719,0.22084,33.86185,36.52707,0.27546,0.10362,0.74621,0.94995,0.96614
E3_oil,4669201,b23_m0.150,20.10419,0.24001,32.92488,36.69524,0.21723,0.09539,0.80191,0.96768,0.97842
E3_oil,4669201,b23_p0.150,18.70416,0.22952,22.5753,37.48049,0.20269,0.09868,0.83706,0.96828,0.96015
E3_oil,4669201,b23_p0.300,17.88873,0.26159,17.65771,36.23412,0.31808,0.14978,0.76038,0.92375,0.92864
E7_sepiaphoto,2718281,baseline,2.99542,0.93149,33.75612,36.18632,,,,,
E7_sepiaphoto,2718281,txtpos,0.53925,0.95799,45.53794,33.96965,0.22593,0.13311,0.7418,0.95791,0.9469
E7_sepiaphoto,2718281,txtneg,0.40204,0.88892,20.81877,35.98035,0.33598,0.15656,0.65426,0.93923,0.8868
E7_sepiaphoto,2718281,b23_m0.450,3.56708,0.94629,45.15105,39.13551,0.31064,0.13961,0.66407,0.94493,0.91969
E7_sepiaphoto,2718281,b23_m0.300,4.02655,0.95065,44.82454,39.44484,0.22879,0.11707,0.76794,0.95576,0.94484
E7_sepiaphoto,2718281,b23_m0.150,3.60834,0.94741,40.02778,38.27573,0.11672,0.07446,0.90079,0.96701,0.97038
E7_sepiaphoto,2718281,b23_p0.150,-2.10638,0.9472,27.50452,34.42262,0.19356,0.10163,0.78851,0.9566,0.9549
E7_sepiaphoto,2718281,b23_p0.300,-1.43683,0.94677,23.59532,36.56711,0.3184,0.14761,0.61788,0.94517,0.94187
E7_sepiaphoto,4669201,baseline,0.62274,0.87204,31.18056,37.53699,,,,,
E7_sepiaphoto,4669201,txtpos,-0.70087,0.93661,42.24113,34.50138,0.30401,0.13938,0.6584,0.92295,0.90901
E7_sepiaphoto,4669201,txtneg,0.95282,0.89606,20.58432,35.88131,0.36263,0.15366,0.6079,0.91616,0.87605
E7_sepiaphoto,4669201,b23_m0.450,0.98566,0.91695,38.81083,39.41635,0.32079,0.13761,0.64223,0.88588,0.90819
E7_sepiaphoto,4669201,b23_m0.300,2.05902,0.91832,39.49845,37.82151,0.29515,0.12587,0.66267,0.91453,0.93259
E7_sepiaphoto,4669201,b23_m0.150,2.19672,0.90704,36.99526,37.77133,0.18176,0.08962,0.80214,0.94472,0.95991
E7_sepiaphoto,4669201,b23_p0.150,-1.7547,0.87297,23.14504,36.87207,0.22621,0.1186,0.75486,0.95439,0.94841
E7_sepiaphoto,4669201,b23_p0.300,-0.50616,0.91562,18.13551,34.08563,0.32708,0.18187,0.63137,0.91578,0.86996
C2_rally,2718281,baseline,17.59393,0.97728,46.06379,45.99925,,,,,
C2_rally,2718281,txtpos,23.98138,0.97508,64.94436,45.29704,0.53005,0.17483,0.29369,0.84862,0.92924
C2_rally,2718281,txtneg,24.20258,0.98428,25.29581,43.2005,0.52853,0.20324,0.28422,0.71724,0.86972
C2_rally,2718281,b23_m0.450,26.1701,0.97648,67.59171,44.05033,0.43606,0.1639,0.37873,0.87395,0.9534
C2_rally,2718281,b23_m0.300,24.3725,0.97529,60.80268,44.39981,0.38548,0.14344,0.4408,0.87282,0.94253
C2_rally,2718281,b23_m0.150,23.87457,0.98273,55.00213,42.90438,0.34704,0.13566,0.50427,0.89641,0.94931
C2_rally,2718281,b23_p0.150,17.04388,0.98224,39.51118,43.58901,0.38225,0.11724,0.47154,0.81253,0.93134
C2_rally,2718281,b23_p0.300,11.84735,0.96737,35.57367,44.60045,0.46451,0.17812,0.42347,0.80567,0.9394
C2_rally,4669201,baseline,22.93842,0.95586,56.92405,42.60213,,,,,
C2_rally,4669201,txtpos,21.95404,0.97541,75.3245,43.2969,0.48034,0.1493,0.37294,0.87431,0.87117
C2_rally,4669201,txtneg,23.96686,0.98311,25.71033,43.77777,0.61892,0.22464,0.2401,0.7255,0.87208
C2_rally,4669201,b23_m0.450,28.64105,0.97235,88.59706,43.1683,0.50447,0.18095,0.33626,0.81307,0.92616
C2_rally,4669201,b23_m0.300,29.89105,0.96904,82.88234,42.9685,0.47217,0.17001,0.39566,0.90522,0.90518
C2_rally,4669201,b23_m0.150,26.31171,0.96207,69.38109,41.85766,0.37879,0.13764,0.51419,0.89757,0.92662
C2_rally,4669201,b23_p0.150,18.40509,0.96435,47.19952,40.51128,0.37454,0.13927,0.54028,0.88171,0.94977
C2_rally,4669201,b23_p0.300,16.98456,0.93707,40.13287,40.95656,0.48977,0.19271,0.46388,0.84094,0.93511
C3_fox,2718281,baseline,16.01532,0.94685,53.08508,38.65653,,,,,
C3_fox,2718281,txtpos,14.98615,0.95481,66.91765,38.01351,0.51152,0.15733,0.31248,0.96838,0.94417
C3_fox,2718281,txtneg,35.26581,0.93259,34.81172,40.40308,0.6366,0.24697,0.18312,0.92499,0.93539
C3_fox,2718281,b23_m0.450,26.43109,0.96682,69.15806,38.41816,0.40429,0.13233,0.44628,0.98389,0.9796
C3_fox,2718281,b23_m0.300,24.7807,0.95513,66.10081,38.749,0.37899,0.12029,0.47902,0.98676,0.98354
C3_fox,2718281,b23_m0.150,20.20221,0.96062,60.1485,39.0412,0.36335,0.11678,0.49434,0.98383,0.98567
C3_fox,2718281,b23_p0.150,10.12994,0.89685,45.37458,38.38242,0.30716,0.11389,0.61875,0.98178,0.98104
C3_fox,2718281,b23_p0.300,13.69293,0.83364,42.79045,37.94553,0.476,0.19115,0.41926,0.96777,0.95292
C3_fox,4669201,baseline,17.24713,0.90524,53.12571,38.06635,,,,,
C3_fox,4669201,txtpos,15.7912,0.9677,67.37503,37.21596,0.64552,0.20399,0.17235,0.96041,0.94955
C3_fox,4669201,txtneg,32.8847,0.87446,35.17359,39.6958,0.63896,0.24697,0.20084,0.85569,0.93891
C3_fox,4669201,b23_m0.450,27.90131,0.95053,71.99308,38.27137,0.42267,0.15171,0.44918,0.97971,0.97945
C3_fox,4669201,b23_m0.300,28.09589,0.95101,67.663,38.42939,0.39128,0.13775,0.49227,0.97914,0.98361
C3_fox,4669201,b23_m0.150,26.80438,0.94162,61.18493,38.13004,0.3224,0.12398,0.59595,0.98802,0.98077
C3_fox,4669201,b23_p0.150,8.76801,0.85288,47.13711,38.36049,0.30335,0.11422,0.65047,0.991,0.98422
C3_fox,4669201,b23_p0.300,10.59857,0.78595,44.24205,36.72549,0.45341,0.18675,0.46564,0.97146,0.96166
C4_stilllife,2718281,baseline,37.53326,0.92086,46.9774,49.79163,,,,,
C4_stilllife,2718281,txtpos,29.04828,0.93599,71.85303,46.91492,0.55438,0.24328,0.46895,0.90747,0.93342
C4_stilllife,2718281,txtneg,36.74042,0.87879,36.91515,48.5523,0.41083,0.17034,0.57714,0.92625,0.96447
C4_stilllife,2718281,b23_m0.450,36.34247,0.93609,53.62516,49.44446,0.33876,0.15733,0.64714,0.94504,0.97202
C4_stilllife,2718281,b23_m0.300,41.40643,0.93695,52.86059,49.90264,0.26111,0.11496,0.698,0.97894,0.97472
C4_stilllife,2718281,b23_m0.150,41.55414,0.91442,50.85448,49.54259,0.17219,0.07148,0.78468,0.98789,0.99253
C4_stilllife,2718281,b23_p0.150,37.34833,0.87935,43.99644,50.21514,0.18043,0.09229,0.81083,0.97809,0.98387
C4_stilllife,2718281,b23_p0.300,27.82025,0.82009,42.50019,50.19061,0.28457,0.129,0.70234,0.94296,0.97407
C4_stilllife,4669201,baseline,27.25287,0.89802,47.61263,47.98182,,,,,
C4_stilllife,4669201,txtpos,26.46442,0.93469,71.90654,45.70499,0.51179,0.2187,0.48734,0.89263,0.91245
C4_stilllife,4669201,txtneg,31.29388,0.83086,34.32441,47.17218,0.4541,0.16451,0.55038,0.91589,0.96301
C4_stilllife,4669201,b23_m0.450,32.51581,0.907,57.0552,49.2593,0.33381,0.13257,0.58629,0.9547,0.97343
C4_stilllife,4669201,b23_m0.300,33.42047,0.91304,57.36249,49.07642,0.31292,0.12154,0.62647,0.9507,0.9719
C4_stilllife,4669201,b23_m0.150,31.21478,0.88575,54.35605,49.14742,0.26403,0.10689,0.71215,0.97428,0.97781
C4_stilllife,4669201,b23_p0.150,24.5329,0.84492,44.39888,48.82183,0.27095,0.11999,0.6796,0.92032,0.97575
C4_stilllife,4669201,b23_p0.300,24.29706,0.84037,43.11568,48.9341,0.31619,0.16833,0.6495,0.92011,0.95268
P3_archerforest,3141592,baseline,6.31561,0.60657,33.87488,36.83135,,,,,
P3_archerforest,3141592,txtpos,5.39496,0.56669,39.36085,36.4566,0.25135,0.10399,0.72522,0.97157,0.97564
P3_archerforest,3141592,txtneg,5.12616,0.65028,25.32184,37.60567,0.31618,0.1269,0.63549,0.97638,0.968
P3_archerforest,3141592,b23_m0.450,7.4035,0.56559,39.49297,35.07139,0.28988,0.13069,0.71094,0.95679,0.96766
P3_archerforest,3141592,b23_m0.300,5.89813,0.57571,38.95193,36.02388,0.2333,0.11537,0.7724,0.9754,0.9784
P3_archerforest,3141592,b23_m0.150,6.05511,0.55984,37.32884,36.79839,0.18262,0.09373,0.82452,0.97483,0.98038
P3_archerforest,3141592,b23_p0.150,3.63226,0.62706,28.79809,35.55798,0.18994,0.09521,0.81469,0.97256,0.98144
P3_archerforest,3141592,b23_p0.300,-3.05707,0.56518,23.01785,36.57894,0.36387,0.1966,0.62623,0.93456,0.94874
P3_archerforest,4669201,baseline,6.85419,0.56516,33.67812,36.63987,,,,,
P3_archerforest,4669201,txtpos,6.64935,0.56591,39.07307,34.78054,0.25388,0.10794,0.71425,0.9726,0.97113
P3_archerforest,4669201,txtneg,1.33942,0.57931,24.81417,34.72343,0.30122,0.13398,0.66064,0.96265,0.97412
P3_archerforest,4669201,b23_m0.450,8.38214,0.57043,39.45677,35.77955,0.30802,0.12511,0.67397,0.96833,0.95774
P3_archerforest,4669201,b23_m0.300,7.37213,0.58821,38.96379,35.75037,0.28276,0.12923,0.69854,0.96081,0.97362
P3_archerforest,4669201,b23_m0.150,5.15277,0.60758,37.05273,35.21578,0.22095,0.10994,0.76311,0.9812,0.9819
P3_archerforest,4669201,b23_p0.150,3.39056,0.54128,28.58425,35.3919,0.26266,0.13212,0.75381,0.95541,0.97067
P3_archerforest,4669201,b23_p0.300,-1.31012,0.5681,22.79018,34.74135,0.41564,0.22395,0.5673,0.92775,0.94271
P4_selfie,1618033,baseline,-6.47528,0.8946,49.32334,38.69471,,,,,
P4_selfie,1618033,txtpos,-2.83295,0.89747,69.25985,41.16536,0.23885,0.09786,0.74507,0.94828,0.94694
P4_selfie,1618033,txtneg,-5.9433,0.89812,24.2033,39.03001,0.37778,0.15288,0.60498,0.91456,0.91572
P4_selfie,1618033,b23_m0.450,-2.8172,0.9096,62.05287,42.73204,0.18776,0.07415,0.79669,0.9752,0.93397
P4_selfie,1618033,b23_m0.300,-3.00934,0.91091,58.88997,41.47765,0.16928,0.07048,0.81503,0.96923,0.97054
P4_selfie,1618033,b23_m0.150,-5.79474,0.91031,53.91272,40.17852,0.18575,0.08376,0.78326,0.96871,0.96538
P4_selfie,1618033,b23_p0.150,-7.41888,0.89858,44.99785,38.39846,0.146,0.07228,0.8462,0.95149,0.98375
P4_selfie,1618033,b23_p0.300,-4.55328,0.91811,40.49626,38.86793,0.24723,0.09975,0.74969,0.94517,0.96446
P4_selfie,4669201,baseline,-8.67426,0.90806,48.06459,39.0336,,,,,
P4_selfie,4669201,txtpos,-7.51044,0.89778,70.03249,40.88272,0.36244,0.13815,0.59501,0.90256,0.91363
P4_selfie,4669201,txtneg,-2.89008,0.88039,26.23561,38.01865,0.3843,0.16354,0.59698,0.89587,0.91661
P4_selfie,4669201,b23_m0.450,-10.32892,0.88424,61.99554,41.2821,0.21428,0.09334,0.78687,0.95933,0.96274
P4_selfie,4669201,b23_m0.300,-11.45148,0.93203,59.20465,41.70036,0.1885,0.08767,0.79368,0.9585,0.97189
P4_selfie,4669201,b23_m0.150,-10.92023,0.92089,54.38387,40.48398,0.14359,0.06812,0.85019,0.95968,0.97964
P4_selfie,4669201,b23_p0.150,-7.54669,0.90777,43.14973,39.29727,0.10665,0.05961,0.90286,0.98791,0.98914
P4_selfie,4669201,b23_p0.300,-5.78302,0.902,39.26547,38.07779,0.21489,0.08531,0.76602,0.95198,0.96624
