bench,quantity,value,note
c47,M1 lpips: blk23 at text-matched chroma closer to base than the text,7/7,median diff (blk23 - text) -0.1014
c47,M1 dino_cos: blk23 at text-matched chroma closer to base than the text,6/7,median diff (blk23 - text) 0.0187
c47,M2 median delta brisque txtpos,-0.9525,
c47,M2 median delta brisque b23_m0.450,0.8735,
c47,M2 median delta brisque txtneg,0.431,
c47,M2 median delta brisque b23_p0.300,-3.694,
c47,M2 median delta clipiqa txtpos,0.0173,
c47,M2 median delta clipiqa b23_m0.450,0.0071,
c47,M2 median delta clipiqa txtneg,-0.0054,
c47,M2 median delta clipiqa b23_p0.300,-0.008,
c47,M2 median delta clipscore txtpos,-0.7763,
c47,M2 median delta clipscore b23_m0.450,0.3856,
c47,M2 median delta clipscore txtneg,-1.1271,
c47,M2 median delta clipscore b23_p0.300,-0.8334,
c49,Q median delta brisque blk16_pos_d0.300,3.2659,
c49,Q median delta clipiqa blk16_pos_d0.300,-0.0121,
c49,Q median delta clipscore blk16_pos_d0.300,-0.3528,
c49,Q median lpips blk16_pos_d0.300,0.4495,
c49,Q median dino_cos blk16_pos_d0.300,0.9158,
c49,Q median delta clipscore on blacksmith prompts blk16_pos_d0.300,-1.1865,
c49,Q median delta brisque blk20_pos_d0.450,5.3171,
c49,Q median delta clipiqa blk20_pos_d0.450,0.0138,
c49,Q median delta clipscore blk20_pos_d0.450,-0.9413,
c49,Q median lpips blk20_pos_d0.450,0.4568,
c49,Q median dino_cos blk20_pos_d0.450,0.924,
c49,Q median delta clipscore on blacksmith prompts blk20_pos_d0.450,-1.8523,
c49,Q median delta brisque blk23_neg_d0.300,3.3527,
c49,Q median delta clipiqa blk23_neg_d0.300,0.0024,
c49,Q median delta clipscore blk23_neg_d0.300,-0.1479,
c49,Q median lpips blk23_neg_d0.300,0.2734,
c49,Q median dino_cos blk23_neg_d0.300,0.9617,
c49,Q median delta clipscore on blacksmith prompts blk23_neg_d0.300,-0.8816,
c49,Q median delta brisque blk26_pos_d0.150,0.4035,
c49,Q median delta clipiqa blk26_pos_d0.150,-0.0049,
c49,Q median delta clipscore blk26_pos_d0.150,-0.6872,
c49,Q median lpips blk26_pos_d0.150,0.3804,
c49,Q median dino_cos blk26_pos_d0.150,0.9232,
c49,Q median delta clipscore on blacksmith prompts blk26_pos_d0.150,-0.2355,
c49,Q median delta brisque blk27_neg_d0.250,9.5779,
c49,Q median delta clipiqa blk27_neg_d0.250,-0.0685,
c49,Q median delta clipscore blk27_neg_d0.250,-1.2473,
c49,Q median lpips blk27_neg_d0.250,0.4626,
c49,Q median dino_cos blk27_neg_d0.250,0.9308,
c49,Q median delta clipscore on blacksmith prompts blk27_neg_d0.250,-2.1965,
c49,Q median delta brisque blk09_pos_d0.450,-0.3362,
c49,Q median delta clipiqa blk09_pos_d0.450,0.008,
c49,Q median delta clipscore blk09_pos_d0.450,-0.8711,
c49,Q median lpips blk09_pos_d0.450,0.5305,
c49,Q median dino_cos blk09_pos_d0.450,0.8836,
c49,Q median delta clipscore on blacksmith prompts blk09_pos_d0.450,-3.7904,
c49,Q median delta brisque combo,9.6327,
c49,Q median delta clipiqa combo,-0.0195,
c49,Q median delta clipscore combo,-1.104,
c49,Q median lpips combo,0.4936,
c49,Q median dino_cos combo,0.9034,
c49,Q median delta clipscore on blacksmith prompts combo,-2.9926,
c49,Q median delta brisque blk03_pos_d0.400,1.6821,
c49,Q median delta clipiqa blk03_pos_d0.400,-0.01,
c49,Q median delta clipscore blk03_pos_d0.400,-0.3016,
c49,Q median lpips blk03_pos_d0.400,0.4457,
c49,Q median dino_cos blk03_pos_d0.400,0.9308,
c49,Q median delta clipscore on blacksmith prompts blk03_pos_d0.400,-1.0611,
c49,Q median delta brisque blk06_pos_d0.450,0.767,
c49,Q median delta clipiqa blk06_pos_d0.450,0.019,
c49,Q median delta clipscore blk06_pos_d0.450,0.6622,
c49,Q median lpips blk06_pos_d0.450,0.4922,
c49,Q median dino_cos blk06_pos_d0.450,0.9092,
c49,Q median delta clipscore on blacksmith prompts blk06_pos_d0.450,-1.048,
c49,Q median delta brisque blk13_neg_d0.450,-0.2119,
c49,Q median delta clipiqa blk13_neg_d0.450,-0.018,
c49,Q median delta clipscore blk13_neg_d0.450,0.2286,
c49,Q median lpips blk13_neg_d0.450,0.4284,
c49,Q median dino_cos blk13_neg_d0.450,0.9465,
c49,Q median delta clipscore on blacksmith prompts blk13_neg_d0.450,-0.1578,
c49,Q median delta brisque blk17_pos_d0.400,-0.5278,
c49,Q median delta clipiqa blk17_pos_d0.400,0.0085,
c49,Q median delta clipscore blk17_pos_d0.400,-0.3645,
c49,Q median lpips blk17_pos_d0.400,0.5035,
c49,Q median dino_cos blk17_pos_d0.400,0.8737,
c49,Q median delta clipscore on blacksmith prompts blk17_pos_d0.400,-2.422,
c49,H5 DINO-change W / B blk16_pos_d0.300,0.0199 / 0.0308,
c49,H5 DINO-change W / B blk20_pos_d0.450,0.0105 / 0.0244,
c49,H5 DINO-change W / B blk23_neg_d0.300,-0.0022 / -0.0072,
c49,H5 DINO-change W / B blk26_pos_d0.150,0.0568 / 0.0526,
c49,H5 DINO-change W / B blk27_neg_d0.250,0.0305 / 0.0506,
c49,H5 DINO-change W / B blk09_pos_d0.450,-0.0035 / 0.0332,
c49,H5 DINO-change W / B combo,0.0500 / 0.0561,
c49,H5 DINO-change W / B blk03_pos_d0.400,0.0042 / 0.0204,
c49,H5 DINO-change W / B blk06_pos_d0.450,0.0094 / 0.0299,
c49,H5 DINO-change W / B blk13_neg_d0.450,0.0118 / 0.0143,
c49,H5 DINO-change W / B blk17_pos_d0.400,0.0070 / 0.0243,
c49,H5 middle arms: median W with DINO vs with style features,0.0070 vs 0.1589,refuted
c45,DINO-change A_writing (mean over arms and pairs),0.1648,
c45,DINO-change A_content_small (mean over arms and pairs),0.2916,
c45,DINO-change A_subject (mean over arms and pairs),0.0182,
c45,DINO-change A_seed (mean over arms and pairs),0.2222,
